Series Name,Series Code,Country Name,Country Code,1980,1981,1982,1983,1984,1985,1986,1987,1988,1989,1990,1991,1992,1993,1994,1995,1996,1997,1998,1999,2000,2001,2002,2003,2004,2005,2006,2007,2008,2009,2010,2011,2012,2013,2014,2015,2016,2017
Exports of goods and services (current US$),NE.EXP.GNFS.CD,Afghanistan,AFG,,,,,,,,,,,,,,,,,,,,,,,1337189555,1996491933,1796873038,1719072441,1868166953,1754538352,1833579463,1836528323,1597480951,1095048850,1132970325,1278247871,1354003892,1345496131,1342632359,
Exports of goods and services (current US$),NE.EXP.GNFS.CD,Albania,ALB,,,,,335069933,319090900.3,327312512.5,333550012.5,348287487.5,418924987.5,312500000,82300000,81519209.68,189399541.5,225407481,302465325.4,371128296.1,229987998.6,293568702,540103549.6,648940336.6,748461645.6,869225487.8,1169843190,1608022160,1862113161,2242225040,3005295932,3259292016,3040048180,3337098456,3769483126,3565036059,3671617045,3732081775,3104918356,3437166961,
Exports of goods and services (current US$),NE.EXP.GNFS.CD,Algeria,DZA,14540716743,15338986631,13980227233,13635984130,13805836196,13664028064,8188005040,9525773299,9163454470,10369299882,14545657770,13311319293,12154240351,10880274367,9585149853,10939999981,13969999892,14890000201,10880000226,13692378406,23050101993,20085455101,20152475589,25957120317,34175415032,48714923163,57121832854,63531236408,82034752098,48533809677,61975405529,77581299501,77123006872,69659422182,64611501756,38460350139,33403107185,
Exports of goods and services (current US$),NE.EXP.GNFS.CD,American Samoa,ASM,,,,,,,,,,,,,,,,,,,,,,,518000000,513000000,460000000,498000000,495000000,505000000,641000000,530000000,364000000,335000000,482000000,457000000,426000000,427000000,428000000,
Exports of goods and services (current US$),NE.EXP.GNFS.CD,Andorra,AND,,,,,,,,,,,,,,,,,,,,,,,,,,,,,,,,,,,,,,
Exports of goods and services (current US$),NE.EXP.GNFS.CD,Angola,AGO,,,,,,3342245989,3342245989,3342245989,3342245989,3342245989,3342245989,3029652726,3935278882,2845117215,3465045195,,6226046804,5238521933,3655830000,5309756748,8182663642,6736808291,8534569104,9708755159,13797757758,24286253529,33346439693,44706926828,64243350291,41451123310,51451738027,68042576390,71908646943,69562207407,60851240666,34437292633,28629357105,
Exports of goods and services (current US$),NE.EXP.GNFS.CD,Antigua and Barbuda,ATG,74077777.78,91137037.04,93562962.96,94029629.63,129688888.9,151681481.5,205892592.6,226985185.2,265525925.9,290937037,345300000,369862963,407266666.7,439285185.2,436459259.3,401607407.4,402522222.2,443288888.9,465900000,472829629.6,466861925.9,445334074.1,427865296.3,462637925.9,533973111.1,545269370.4,548169814.8,581289333.3,625368666.7,561623518.5,523833888.9,537755740.7,543333333.3,545555555.6,590740740.7,602193555.6,608888888.9,
Exports of goods and services (current US$),NE.EXP.GNFS.CD,Argentina,ARG,3895791555,5445263190,7663966256,9515669467,6003000152,10376666929,9054444307,8747619117,12029545361,10007559520,14643450361,14561091033,15095901878,16357317618,19385000000,24978750000,28381250000,30928250000,31137000000,27862250000,31223750000,31112750000,27736666041,33084461867,39266996606,46198180131,53550250227,65162321195,79762958392,65133480388,80208867996,97810932629,88655850854,80690471898,75841712305,64367776224,69687842989,
Exports of goods and services (current US$),NE.EXP.GNFS.CD,Armenia,ARM,,,,,,,,,,,789960888.4,842829165.1,506749951.3,567247790.5,517226129.9,351337822.3,371135620.1,332378724,359865223.2,383089987.9,446833330.7,539539689.4,697610011.3,902544361.3,1063500422,1411787185,1491343148,1766288265,1754799336,1338222263,1928926124,2409446528,2927398423,3153950546,3316273474,3137295852,3495833404,
Exports of goods and services (current US$),NE.EXP.GNFS.CD,Aruba,ABW,,,,,,,,,,,,,,,1069832402,1120670391,1195530726,1264245810,1326256983,1377363128,1393586592,1353553073,1260441341,1275569832,1450173184,1597854749,1585854749,1729374302,1849972067,1593977654,1517698324,1829078212,,,,,,
Exports of goods and services (current US$),NE.EXP.GNFS.CD,Australia,AUS,24616155989,26334610473,26231932031,24060832943,26236189096,27497123571,27321628428,29290629963,37674621653,45334256168,47071950750,52249430971,54226716911,54747048904,58015219647,65793733294,75814112291,83327594303,78237807773,71357312946,80650631162,83817752495,81500104646,88243447874,1.0424E+11,1.25269E+11,1.46423E+11,1.69724E+11,2.08368E+11,2.08703E+11,2.22103E+11,2.9385E+11,3.27174E+11,3.09446E+11,3.03843E+11,2.64829E+11,2.27285E+11,
Exports of goods and services (current US$),NE.EXP.GNFS.CD,Austria,AUT,26006990002,23441765250,22623842785,21981186839,22265892373,24230778532,31689309599,38996595559,44096573610,46607267811,59423125378,60116254331,64678674931,59900881226,65453950006,80827705746,81256732519,78792186267,83704902179,85477892606,85305371292,88024161074,96495416902,1.16231E+11,1.40682E+11,1.53016E+11,1.69935E+11,2.02834E+11,2.27297E+11,1.78503E+11,2.00893E+11,2.32584E+11,2.20982E+11,2.29834E+11,2.35964E+11,2.02233E+11,2.04239E+11,
Exports of goods and services (current US$),NE.EXP.GNFS.CD,Azerbaijan,AZE,,,,,,,,,,,3885196372,4014478402,4302724069,2281805933,819242649.7,851664903.6,937639967.4,1150052949,1009435017,1281990008,2058501454,2335772791,2666957519,3056716758,4234983617,8336380897,13955015559,22517509964,32133276534,22870241354,28728665753,37214511840,36914842159,35841555131,32551319648,20059340230,17580998935,
Exports of goods and services (current US$),NE.EXP.GNFS.CD,"Bahamas, The",BHS,939800000,961200000,1038300000,1153500000,1297900000,1503600000,1577900000,1664300000,,1648320000,1714730000,1585170000,1562180000,1606810000,1662790000,1699040000,1733680000,2133090000,2163040000,2558610000,2806660000,2588550000,2934460000,2901230000,3160700000,3482130000,3557560000,3888240000,3797000000,3117000000,3223000000,3443000000,4087430000,4245700000,4149100000,4125100000,3955700000,
Exports of goods and services (current US$),NE.EXP.GNFS.CD,Bahrain,BHR,3813478376,4547340160,4337766223,3611169947,3768351064,3716489628,3013031915,3472340426,3529787234,3811169947,4887765691,3923935904,4009042287,4361702128,4520478723,4796010638,5364361436,5020744947,3994946809,5221808511,7176063830,6607446809,6956117021,7980851064,10336702128,13396808511,15662234043,17314361702,21231382979,15704787234,17880319149,28609042553,31409574468,34103723404,32069148936,25652925532,23782180851,
Exports of goods and services (current US$),NE.EXP.GNFS.CD,Bangladesh,BGD,996555891.5,1038984088,940219560.9,986784511.8,642600000,1199576923,1128533333,1212483871,1442788426,1594548362,1866930005,2062576987,2405649819,2990714346,3039700864,4122014847,4507554844,5075480003,5876850220,6028722962,6588073942,7227575982,6791241511,6876856649,7257329710,9994813008,11744907683,13530306979,16181037750,17359874074,18472449276,25627346571,26886637936,29304945498,32830360072,33820154153,36864997681,
Exports of goods and services (current US$),NE.EXP.GNFS.CD,Barbados,BRB,,,,,,,,,,,867846666.3,819569432.7,808900000,872470541.4,973599164.7,1038930045,1134340973,1161686471,1194252474,1230497688,1322800000,1251500000,1211100000,1378750000,1435900000,1711700000,1938700000,2043900000,2090350000,1904950000,1763300000,1766750000,1811200000,1914200000,1879250000,1614900000,,
Exports of goods and services (current US$),NE.EXP.GNFS.CD,Belarus,BLR,,,,,,,,,,,9950000000,6420000000,10150000000,11015537190,10642161799,6939552977,6839800000,8457248498,8988772546,7186390822,8815283224,8246546763,9286388481,11614408823,15709975383,18064972932,22199755083,27592422886,37027902622,24865449338,29396844579,48458472362,51744692335,44058175676,43301115023,32749824187,29707177322,
Exports of goods and services (current US$),NE.EXP.GNFS.CD,Belgium,BEL,63237433163,56330370817,53236365972,52385436371,53412069813,53601962633,68397851544,83035290005,95924326385,1.03855E+11,1.25864E+11,1.2614E+11,1.37365E+11,1.2544E+11,1.4234E+11,1.72257E+11,1.70061E+11,1.62818E+11,1.65214E+11,1.66266E+11,1.70953E+11,1.68916E+11,1.82017E+11,2.18823E+11,2.60992E+11,2.84796E+11,3.10274E+11,3.65618E+11,4.13324E+11,3.35842E+11,3.69665E+11,4.30226E+11,4.09788E+11,4.25754E+11,4.38799E+11,3.67646E+11,3.87772E+11,
Exports of goods and services (current US$),NE.EXP.GNFS.CD,Belize,BLZ,107850000,103000000,86000000,92750000,131700000,101400000,126500000,167200000,195300000,216950000,257000000,241350000,257665800,261402300,289455450,297425600,320713850,345342500,362282350,403420450,440750000,443500000,490150000,526733350,534853450,609026800,744269450,788432250,853628650,690190900,813293700,893607300,982925150,988427400,1031939900,1020063250,,
Exports of goods and services (current US$),NE.EXP.GNFS.CD,Benin,BEN,222261792,205681872,225297369.5,150766908.1,205805456.7,247338434.7,222807320.1,238541696.1,223654558.3,202741075.4,375946872.3,417201334.7,393976833.8,510965402.2,452687266.9,593804034.8,625667835.2,616436678.9,665156749.2,637161886.4,543136056.6,545401094.2,616653194.4,741396726.7,850866805.2,909438883.6,952781473.6,1348309543,1630172756,1445827632,1658062054,1670812970,2004986611,2577928913,3113780933,2339844737,2621906409,
Exports of goods and services (current US$),NE.EXP.GNFS.CD,Bermuda,BMU,,,,,,,,,,,,,,,,,,,,,,,,,,,,,,2699314000,2704649000,2644231000,2589439000,2656891000,,,,
Exports of goods and services (current US$),NE.EXP.GNFS.CD,Bhutan,BTN,18510178.12,22602771.36,20400634.25,19968316.83,21887323.94,25820533.55,35504361.62,59617283.95,79686063.22,77398028.34,80434037.69,80410290.24,80220293.21,74261397.18,79964297.1,114460067.8,112291843.1,131398512.8,124772176.4,130380863.9,129012508,125216999.8,128202190.9,158797508.3,218024619.8,313215332.3,488540500.2,657474449.5,613943620.5,565371973.7,673077343.6,750024105.2,706230865.4,727604108,705657393.9,684173682.6,657551941.9,
Exports of goods and services (current US$),NE.EXP.GNFS.CD,Bolivia,BOL,1112933230,1370742618,1625893980,1535521646,1459382461,1024366576,844298528.6,853524588.2,862854857.4,1061010967,1108688320,1147700385,1131361364,1094220300,1295735743,1514377643,1670373428,1673157414,1673904648,1398595245,1534697178,1626040049,1710308647,2069144689,2731911668,3394519904,4783642094,5483620338,7487864968,6194300427,8093183263,10565709240,12774727352,13518462663,14285068741,10186598842,8311504920,
Exports of goods and services (current US$),NE.EXP.GNFS.CD,Bosnia and Herzegovina,BIH,,,,,,,,,,,,,,,194000000,381000000,658000000,1022000000,1123990567,1295321569,1579685634,1632283629,1619401636,2535225101,3231697333,3549945953,4505419793,4276291113,5131401288,4405111158,5100738132,5973018694,5572151491,6133882968,6307966355,5604969096,5988258583,
Exports of goods and services (current US$),NE.EXP.GNFS.CD,Botswana,BWA,562918167.8,533763595.1,553753520.4,727778284.3,754544054.2,738988752.2,951599169.8,1476502472,1864978672,1826368554,2086912120,2090843886,1997772195,1959225785,2036914252,2404876993,2609469948,3056343815,2361177501,3027160280,3000196009,2671112100,2836767913,3667669549,4444139019,5255909518,5291779461,5963543364,4999047884,3573059776,5579516015,7668392267,7102151173,9175068526,9890651299,7537801248,8632312409,
Exports of goods and services (current US$),NE.EXP.GNFS.CD,Brazil,BRA,21276141968,24828388399,21435129573,23221079049,28317692073,27305943051,23640556197,27820190045,35974382968,38004000000,37880000000,52310000000,43538125000,45983167702,53941811356,57921978860,57235100985,61679962894,60724687635,57330688268,66775075157,69203724173,72286328432,84757556061,1.10744E+11,1.35918E+11,1.59216E+11,1.86198E+11,2.29513E+11,1.80894E+11,2.37192E+11,2.99977E+11,2.88502E+11,2.87592E+11,2.70453E+11,2.32477E+11,2.24312E+11,
Exports of goods and services (current US$),NE.EXP.GNFS.CD,British Virgin Islands,VGB,,,,,,,,,,,,,,,,,,,,,,,,,,,,,,,,,,,,,,
Exports of goods and services (current US$),NE.EXP.GNFS.CD,Brunei Darussalam,BRN,4601625257,4066833909,3809813084,3393752958,,,,,,1845357125,2176000000,2468163927,2421117250,2248421834,2087861726,2827007196,3065957447,2972117457,2044694073,2567551622,4042036717,3894175364,3922149447,4543527035,5416090226,6688037371,8227327082,8310397452,11269686706,7811357074,9240190686,12876222275,13364276569,12311381074,11749802684,6751036439,5652190806,
Exports of goods and services (current US$),NE.EXP.GNFS.CD,Bulgaria,BGR,7084153846,7081357143,6631000000,6153111111,7061055556,7341684211,8106529412,11461076923,10277764706,10207166667,6833181818,4758064516,4876288660,4137681159,4368450185,6782663690,5962327150,5610034485,6304076346,5825652718,4797489757,4947390946,5519115551,7277457148,10713394070,12703276793,16150904893,23262813856,28588393658,21963744935,25395582781,33916506221,32774017083,36049438789,36882842898,32181241782,34060912844,
Exports of goods and services (current US$),NE.EXP.GNFS.CD,Burkina Faso,BFA,172630524,164734458.7,143789772.7,126168367.9,160016224.5,154030085.9,183075141.1,269185266,287730467.4,228834247.8,340110196.1,327535416.5,198184577.9,208751601.5,269162042.4,336477102.2,273233009.4,264655013,359254830.5,284956447.4,250604488.1,260002714.7,294167103.5,366324656.1,548132371,532286217.9,673239521.3,714349651.2,834226578.9,1062830722,1726555039,2681411104,2849413870,3126121367,3209388874,2713912177,,
Exports of goods and services (current US$),NE.EXP.GNFS.CD,Burundi,BDI,81022222.22,88603333.33,103470000,97956966.11,113561106,126803836.3,140881024.8,110260311.6,136282900.4,108560194,89130244.37,115775316.4,94756920.93,88062144.15,95016968.85,129318804.2,50580560.2,95688945.65,71499431.18,61217971.47,55005758.53,45410971.28,38676369.53,50072047.44,63635537.87,91643019.1,92713639.06,98430522.64,152972427.6,118346172.7,180728261,220340879.5,221281636.6,200759981.3,240320163.1,191747885,187667205.5,
Exports of goods and services (current US$),NE.EXP.GNFS.CD,Cabo Verde,CPV,24288324.3,29942601.56,32243019.35,34103853.2,30064775.4,31179559.04,33573415.15,42578568.1,44159711.38,51418167.41,52576490.8,52976389.2,61728160.19,65033421.61,61175342.83,83482492.55,101395543.1,134631485.1,118975529.2,124265005.5,145630289.3,167834263,202095934.4,255294474.1,295820489.5,367187288.2,500015668.8,545279877.9,660191834.3,531989157,543735621.7,662371336.6,708320154.5,749495403.5,749958791.5,,,
Exports of goods and services (current US$),NE.EXP.GNFS.CD,Cambodia,KHM,,,,,,,,,,,,,,406842504.9,719965851.8,1073111830,889438538.6,1157570060,974763067.9,1426037338,1821397245,2093243559,2374299969,2632863068,3395176611,4032880210,4989881265,5643664446,6784981007,5119870899,6080135277,6938312829,8136084083,9500429495,10456414665,11140147277,12266568265,
Exports of goods and services (current US$),NE.EXP.GNFS.CD,Cameroon,CMR,1879642995,1669843815,2432257587,2243906920,2611952656,2725480658,2472751280,2053806128,2003045527,2306775346,2250713452,2486734793,2341602555,2157027779,2235509632,1990231974,2445458047,2695377807,2393027329,2245087608,2612567707,2679888438,2813421457,3044751073,3958470638,4413882091,4962622165,6460297271,7674073978,5568685496,5796645110,7607694217,7601555334,8270698729,8714098480,6881847055,5987139966,
Exports of goods and services (current US$),NE.EXP.GNFS.CD,Canada,CAN,75548816114,80971724080,79140795980,85042194093,99463361903,1.0065E+11,1.0202E+11,1.12299E+11,1.32298E+11,1.41573E+11,1.48911E+11,1.48537E+11,1.55086E+11,1.68142E+11,1.89509E+11,2.18086E+11,2.33248E+11,2.49008E+11,2.53008E+11,2.83124E+11,3.28372E+11,3.09546E+11,3.03441E+11,3.28645E+11,3.81529E+11,4.30267E+11,4.64728E+11,5.00336E+11,5.3171E+11,3.89898E+11,4.69066E+11,5.46694E+11,5.51183E+11,5.55798E+11,5.67434E+11,4.91718E+11,4.75595E+11,
Exports of goods and services (current US$),NE.EXP.GNFS.CD,Cayman Islands,CYM,,,,,,,,,,,,,,,,,,,,,,,,,,,,,,,,,,,,,,
Exports of goods and services (current US$),NE.EXP.GNFS.CD,Central African Republic,CAF,201027829,169417064.6,165958843.5,159064482.5,149211719.4,190340624.5,204099901.3,214306676.8,224453261.8,250535801.1,245892968.9,242234415.4,238129779.6,218665883.1,199169783.7,247850138.4,216376660.5,252105044.4,219168752.4,192136061.3,186303954.2,159877005.1,158252320.5,207845728.9,177784785.8,178708437.5,209094018.8,239616991.8,218449261.6,211736581.5,234493940.6,252819602.8,252752498.3,219455296.3,221889305.7,199744707.4,223454293.5,
Exports of goods and services (current US$),NE.EXP.GNFS.CD,Chad,TCD,175041293.6,132421607.3,54751112.17,136673324,165602339.5,123003840.7,143026030.4,179740702.7,222673412.9,197582396.4,234367649.9,224348650.8,208710953.3,194955465.9,190020005.2,317076043.9,281984797.6,286444689.4,322640866.6,281123360.4,233937659.2,250689315.8,252228086.5,674122157.2,2252004979,3188888001,3531766075,3844528416,4419706426,3251521900,3926896180,4726067251,4757756273,4346695203,4756021201,3248403649,2877700233,
Exports of goods and services (current US$),NE.EXP.GNFS.CD,Channel Islands,CHI,,,,,,,,,,,,,,,,,,,,,,,,,,,,,,,,,,,,,,
Exports of goods and services (current US$),NE.EXP.GNFS.CD,Chile,CHL,6292627054,5363825292,4713939511,4767971203,4474125375,4647193726,5161066967,6308060063,8456167150,10071482715,10760217715,11842675066,13312092910,12758599162,15656361049,21025141439,20794067520,22487271964,20819483697,21624592265,23772266321,22996523020,22876417337,26973735771,39488088029,49382442844,67789580749,78242480555,74413752041,63854403850,82487244655,95255289952,91147100657,89638289110,86285632021,71974883077,70313591472,
Exports of goods and services (current US$),NE.EXP.GNFS.CD,China,CHN,11300000000,14587301587,22695615072,22280723327,24772194876,26563850461,26422791627,35090911330,46026013490,43054088920,50613099170,58573892129,68851090750,79894597198,1.08829E+11,1.35421E+11,1.61068E+11,1.78262E+11,1.93068E+11,2.04359E+11,2.57238E+11,2.79112E+11,3.38084E+11,4.61132E+11,6.21343E+11,7.88941E+11,1.02311E+12,1.27695E+12,1.47254E+12,1.24469E+12,1.60248E+12,2.0063E+12,2.17508E+12,2.35425E+12,2.52416E+12,2.43126E+12,2.19997E+12,
Exports of goods and services (current US$),NE.EXP.GNFS.CD,Colombia,COL,5414746300,4312781333,4259914140,4045271359,4542862174,4820404650,6582202894,6166358849,6387602125,7117713305,8282563012,8801832745,8726657740,9167761033,12254186688,13444770139,14767813599,15829917577,14773797430,15812211475,15897088339,15110712975,14509389926,15694253606,19634334392,24696292642,28676832797,34305095532,43403216520,37483506885,45739170349,62843741984,67495284045,66807031386,60271326932,44452697420,40082555019,
Exports of goods and services (current US$),NE.EXP.GNFS.CD,Comoros,COM,10744148.7,13436176.32,16798357.29,22111840.62,9694406.492,19460921.45,26713601.38,29946699.87,37314624.32,29576285.81,35634727.51,49393044.07,48022287.24,52634515.73,37288772.21,45830571.93,42235312.52,38481123,24456514.37,28293024.35,46862490.81,40325279.68,38458786.7,60015989.89,56949051.24,57102946.83,60124645.62,71485543.34,74129613.13,77701176.29,87432865.9,101729301.1,89546623.82,100969664.3,109301013.7,100638566.4,98307747.79,
Exports of goods and services (current US$),NE.EXP.GNFS.CD,"Congo, Dem. Rep.",COD,2372064374,1772960815,1658621522,1787296719,2044031941,1979433109,2000444585,1990594329,2259542548,2299649341,2758536191,1852139470,1368639549,1212977746,1316877699,1607380674,1731595952,1142032617,1851630127,1113537727,2185507246,891666666.7,1367800838,2145055691,2340567899,2442457186,2765019283,6539527974,7722970930,5000334343,8927622883,10817789571,9336125464,11907476515,13229256911,10512898981,8382637045,
Exports of goods and services (current US$),NE.EXP.GNFS.CD,"Congo, Rep.",COG,1023762094,1156656681,1194134307,1215274929,1351850301,1227120964,736631970.1,958951542.2,898779925.8,1159530945,1449116806,1134481546,1193589826,822017176.5,1035379950,1369151207,1739316143,1755897583,1487018190,1701642808,2585496408,2163316674,2461790946,2825094282,3743531240,5122710670,6506604610,6592305407,8912225916,6755575077,10221068210,12591110063,11458706110,10780248563,10347651265,5925246365,4471702078,
Exports of goods and services (current US$),NE.EXP.GNFS.CD,Costa Rica,CRI,1279264924,1135278184,1175166465,1189859713,1332427264,1300856760,1480444812,1558338389,1779621000,2078449241,2237240102,2403995753,3021544716,3453398954,3763147122,4414827145,4672770208,5248818573,6015987791,6066566788,6445399591,6471720133,6502965372,7024662666,7855439738,8712270559,9838020324,10910346032,11953069301,10647948764,12363108615,13886078378,14950204991,15586637117,16350235718,16471707998,18155624953,
Exports of goods and services (current US$),NE.EXP.GNFS.CD,Cote d'Ivoire,CIV,3561631199,2966163294,2756185695,2527383751,3100078388,3263789748,3617154651,3372301472,3126609547,3125624092,3421191368,3149019076,3558855924,3252142526,3369268837,4593584282,4989346356,5030669759,5220928218,5247990455,4370512052,4555378742,5860137948,6412152575,7682091175,8525099433,9321895748,9607481678,11413826500,12346184123,12599682602,13660375263,13108218937,12988025916,12967183767,12501661028,11780917679,
Exports of goods and services (current US$),NE.EXP.GNFS.CD,Croatia,HRV,,,,,,,,,,,,,,,,6181600654,7276195024,7460809986,7498860843,7123027813,7948707914,9004351232,10125528793,13478579180,16402963194,17846601224,20011525978,23436633635,27119322218,21647183146,22516206548,25147080391,23483412816,24858206840,26500506733,23836478121,25185431428,
Exports of goods and services (current US$),NE.EXP.GNFS.CD,Cuba,CUB,6521956667,6565420000,6838236471,7224138184,7766066363,7725366416,7687511279,8295404426,8794332850,8421585288,8662106516,5332907602,3736544459,2951182568,3766477027,4078053747,3831000000,3785600000,3668100000,4123500000,4318900000,4193400000,3872000000,4649900000,6120800000,8962900000,9869700000,11917900000,12506400000,10839000000,14519000000,17319000000,18659000000,18593000000,17812000000,14941000000,,
Exports of goods and services (current US$),NE.EXP.GNFS.CD,Curacao,CUW,,,,,,,,,,,,,,,,,,,,,,,,,,,,,,,,,,,,,,
Exports of goods and services (current US$),NE.EXP.GNFS.CD,Cyprus,CYP,975007960.2,1048990795,1099530333,1089019577,1245251944,1184542898,1391979209,1751888794,2057181807,2348366627,2879463636,2716934975,3418539505,3129819788,3541279881,6560543338,6950439147,6637970353,7112669683,7103991370,7124599434,7207832423,7250384615,8419932050,9911625000,10416241761,10902898005,12823432795,13945071041,12641150320,12835496689,14516541562,13383142747,14125199150,14495953297,12764777642,13091592920,
Exports of goods and services (current US$),NE.EXP.GNFS.CD,Czech Republic,CZE,,,,,,,,,,,13388817546,11457166849,13851908168,16296755517,17724485274,24149133384,25666821390,25002019017,28064601068,27841344318,29710303015,33105450932,36961537757,46732425822,68328119285,84742000384,1.01341E+11,1.25664E+11,1.49036E+11,1.20995E+11,1.36997E+11,1.62543E+11,1.57959E+11,1.6097E+11,1.71545E+11,1.51424E+11,1.55348E+11,
Exports of goods and services (current US$),NE.EXP.GNFS.CD,Denmark,DNK,23118401675,22322907600,21672267294,21784363040,21450862252,22827186592,28448646644,34688537052,38843942658,39815326530,50354038070,52463378410,56509004158,52361233208,57548816149,67734720834,69550416473,65532742827,65817215855,70026518735,73620764311,75069928389,81644267673,95609848657,1.10424E+11,1.25495E+11,1.43508E+11,1.64447E+11,1.91436E+11,1.51388E+11,1.62682E+11,1.85143E+11,1.78723E+11,1.88383E+11,1.92781E+11,1.6775E+11,1.64449E+11,
Exports of goods and services (current US$),NE.EXP.GNFS.CD,Djibouti,DJI,,,,,,,,,,,243523275.2,248957635.8,212974268.7,204984216.8,206160217.4,194833474.9,190281396.1,195165456,208000180.1,200043889,193241091.4,213486307.2,228003443.6,248271166.6,246252271.8,287866937.5,306682946.9,484062097.3,,,,,,,,,,
Exports of goods and services (current US$),NE.EXP.GNFS.CD,Dominica,DMA,13000000,22888888.89,29703703.7,32888888.89,32000000,36025925.93,59766666.67,67255555.56,78559259.26,72303703.7,90718518.52,92314814.81,99681481.48,97325925.93,105700000,111600000,121400000,137148148.1,151603703.7,156814814.8,144511111.1,121248518.5,123167629.6,118410740.7,130478222.2,129259259.3,144444444.4,147844259.3,156733703.7,147949185.2,175645592.6,188272814.8,158361777.8,193466963,272657576.1,267878332.4,281129290.2,
Exports of goods and services (current US$),NE.EXP.GNFS.CD,Dominican Republic,DOM,1271000100,1512999900,1142000000,1242000000,2913999900,1420176091,1491346176,1489611995,1774638151,2237895631,2392771128,3901318899,4180958494,4767640000,5326738095,5850713178,6381512527,7096118695,7585000238,7938864574,8889938759,8395552520,8630378093,9165803055,9328667056,10211594686,10782657569,11820698990,11544316169,10174038564,12220486371,13973206159,14936781776,15679937780,16698304576,16834734984,18016218608,
Exports of goods and services (current US$),NE.EXP.GNFS.CD,Ecuador,ECU,3066326874,3188264326,2921017219,2668860345,2938789738,3375176925,2393509353,2142867205,2480622111,2817483589,3469125960,4021964982,4366816408,3794531266,4605277639,5201004502,5618746373,6064677339,5006507254,5181939970,5888259130,5682217000,6135846000,7329307000,8984844000,11463499000,14196499000,16287685000,21100364000,15785663000,19402439000,24671849000,26522271000,27243506000,28536122000,21107369000,19407142000,
Exports of goods and services (current US$),NE.EXP.GNFS.CD,"Egypt, Arab Rep.",EGY,6991666528,7810810405,6918719089,7169965192,6849064502,6908177259,5644527502,5087274234,6069165417,7094485905,8646612831,10283582453,11885776186,12034813926,11714116251,13565319965,14033018868,14778761062,13754427391,13653789443,16174959636,17065868263,16090888013,18074562536,22257964940,27213830088,32191268336,39469535055,53800000000,47163995068,46731006458,48539511507,45808657936,49111159371,43520045901,43862395687,34442761209,
Exports of goods and services (current US$),NE.EXP.GNFS.CD,El Salvador,SLV,1220920000,917000000,774247000,858652600,796567700,848385400,930400000,751724100,662448600,578784600,890900000,914200000,958100000,1342900000,1614400000,2055700000,2174100000,2883200000,2976900000,3108200000,3598800000,3568000000,3772200000,4072800000,4259000000,4382800000,4764200000,5203700000,5761040000,4792670000,5552560000,6474310000,6101570000,6421710000,6504830000,6718040000,6663160000,
Exports of goods and services (current US$),NE.EXP.GNFS.CD,Equatorial Guinea,GNQ,25654477.99,24242433.52,22454966.78,24629476.05,26814775.13,24740161.55,36207522.89,44680017.34,51744880.45,41778809.83,43715341.46,44611161.58,59586617.72,72361481.71,67511420.74,97206478.27,186124911.2,516224151.2,429802897.1,767965731.2,1276779961,1817557317,2208983805,2953472081,4879108619,7183409023,8303800359,11584326308,17621714169,11171995037,13977374277,16017376540,16099258982,14844895150,14338110696,7283803605,5564705677,
Exports of goods and services (current US$),NE.EXP.GNFS.CD,Eritrea,ERI,,,,,,,,,,,,,54502214.56,142966419.3,148977272.7,129406250,202746708.2,203302823.7,110594955.1,65684566.89,68310441.56,81308766.97,85922669.11,56064210,64052293.74,67725792.07,83564227.64,76071544.72,61125203.25,84082757.72,101385281.3,374897684.6,,,,,,
Exports of goods and services (current US$),NE.EXP.GNFS.CD,Estonia,EST,,,,,,,,,,,,,,2573467584,2848889768,2967518175,2932836650,3627803314,4178071977,4022130537,3504491201,3831095247,4270175191,5644211834,7418606957,9230837707,10769957722,14052866548,16161072213,11949641428,14633450063,20051461955,19815289721,21191394707,21653984381,17739045671,18432597235,
Exports of goods and services (current US$),NE.EXP.GNFS.CD,Ethiopia,ETH,,,,,,,,,,,,,,,,,,,,,,,,,,,,,,,,5331910670,5962716169,5948437727,6474164234,6036017780,5795738191,
Exports of goods and services (current US$),NE.EXP.GNFS.CD,Faroe Islands,FRO,,,,,,,,,,,,,,,,,,,489643027.7,525214300,527644096.9,569880328.7,597742789.5,667607814.6,705045818,735713452,825149660.3,959641420.4,1104332987,934358036.9,1025764122,1212770317,1148726802,1323469188,,,,
Exports of goods and services (current US$),NE.EXP.GNFS.CD,Fiji,FJI,574572249.4,531710741.9,516194766.2,489774041.3,504526233.1,506241331.5,537558390,533804968.2,602670838.3,741185195.2,833547167.3,793101111.4,795276114.4,856596186.3,1029847688,1168242907,1338202808,1278174136,1007398832,1185164500,1097340975,1007247650,1132973616,1386485916,1467801500,1597483560,1548432994,1669828293,2013176884,1421169300,1816399937,2371960741,2402089502,2474584555,2356946063,2177917620,1233565666,
Exports of goods and services (current US$),NE.EXP.GNFS.CD,Finland,FIN,16534905961,16409479195,15244850130,14631725021,15594578552,15638910207,18858784893,22897335317,26071073205,27400581959,31323277873,27176885752,28745686222,27996252732,35158793398,47992919390,47988609889,47944107204,50182465510,50848071596,52835820896,51328859060,54545454545,63751693002,75931214303,82296977988,93487642705,1.12361E+11,1.27905E+11,91221172548,95843300203,1.0717E+11,1.01351E+11,1.04791E+11,1.01471E+11,84835845097,86002189070,
Exports of goods and services (current US$),NE.EXP.GNFS.CD,France,FRA,1.46649E+11,1.34706E+11,1.24699E+11,1.25145E+11,1.26038E+11,1.2849E+11,1.56594E+11,1.82341E+11,2.06707E+11,2.21302E+11,2.65415E+11,2.70016E+11,2.97934E+11,2.74135E+11,3.00818E+11,3.60711E+11,3.6841E+11,3.68722E+11,3.89712E+11,3.85869E+11,3.85536E+11,3.84176E+11,4.05688E+11,4.73321E+11,5.50336E+11,5.81084E+11,6.31842E+11,7.2246E+11,8.00627E+11,6.48448E+11,6.89322E+11,7.95925E+11,7.64789E+11,8.03461E+11,8.23709E+11,7.221E+11,7.21408E+11,
Exports of goods and services (current US$),NE.EXP.GNFS.CD,French Polynesia,PYF,,,,,,,,,,,,43125717.17,50636330.7,90636322.35,129108379.1,116788057.7,166187495.9,155319954.3,154358972.6,190458327.4,168811807.9,,,,,,,,,,,,,,,,,
Exports of goods and services (current US$),NE.EXP.GNFS.CD,Gabon,GAB,2769790001,2447269147,2228502939,2079692035,2104556520,2089867356,1197784952,1401160633,1408435483,1917191499,2740347019,2553606875,2576725001,2136542944,2584714632,2944909770,3568070446,3265552383,2125424484,2779726331,3498457744,2724005629,2793733093,3374014088,4268998464,5748214916,6250057134,7280347815,9646288242,6294591774,8279661684,11229126229,10466055573,10089595984,8093787830,6579225365,5837511878,
Exports of goods and services (current US$),NE.EXP.GNFS.CD,"Gambia, The",GMB,103028762.3,96171239.07,95785105.92,107765519.6,90664350.88,99013867.84,86555971.12,109029387.7,134311832.9,156436257.2,189941617,203221078.4,218510077.9,212861713.3,158551984,186875884,184904421.7,184290229.6,212639014.9,198771024.4,201981794.9,149998087.6,157033783.9,151438811.1,198094235.5,204546263.6,221720573.5,230787934.1,226080288.7,228342908.8,226373697,237673458.6,280766574.9,263876009.5,243629058.5,224203168,231491150,
Exports of goods and services (current US$),NE.EXP.GNFS.CD,Georgia,GEO,,,,,,,,,,,3101400747,1754966887,1315854563,1266549923,1452315945,686952691.1,412437375.3,548000077.1,594736066.9,533561622.9,703050128.5,787530940.4,992558051.3,1270758558,1617318549,2163579903,2545570153,3174516791,3661938154,3201993714,4067800483,5231456092,6045512869,7212863112,7089693096,6260426872,6269425388,
Exports of goods and services (current US$),NE.EXP.GNFS.CD,Germany,DEU,1.7677E+11,1.61005E+11,1.61901E+11,1.56219E+11,1.57369E+11,1.6786E+11,2.22485E+11,2.6822E+11,2.95211E+11,3.11637E+11,4.04151E+11,4.4182E+11,4.72688E+11,4.21042E+11,4.66231E+11,5.70323E+11,5.73555E+11,5.63369E+11,5.93409E+11,5.94896E+11,6.01162E+11,6.21685E+11,6.77259E+11,8.16656E+11,9.99378E+11,1.07991E+12,1.23672E+12,1.47952E+12,1.63077E+12,1.29208E+12,1.44374E+12,1.68413E+12,1.62961E+12,1.70356E+12,1.77817E+12,1.58231E+12,1.60393E+12,
Exports of goods and services (current US$),NE.EXP.GNFS.CD,Ghana,GHA,376348534.3,200813944.6,134733893.1,225418868.2,354924985.5,479914489.2,949412973.8,997843537.4,945143357.7,879283844.4,993968474.6,1119008152,1104855835,1208400616,1375221757,1583728941,2226974924,2233493164,2533905277,2476240810,2431828409,2404094095,2627858783,3104789917,3490673152,3911596602,5141627932,6072122968,7140126004,7609396366,9484067086,14614446554,16926546720,16344112737,15262629314,16462916362,17391706552,
Exports of goods and services (current US$),NE.EXP.GNFS.CD,Gibraltar,GIB,,,,,,,,,,,,,,,,,,,,,,,,,,,,,,,,,,,,,,
Exports of goods and services (current US$),NE.EXP.GNFS.CD,Greece,GRC,10981808153,11196637146,9399266327,8143969040,8067825877,7715318776,9976099318,11898954706,12441706462,12624099454,14466921969,14929959806,17292882374,15285243460,16843840590,19745092367,20839186297,23223405591,23536857604,27447755167,30865641238,31036299329,30939794466,37446013995,49807418301,52808084318,57872321666,71726594580,82807605390,62641263962,66165509707,73490370905,70468159317,72806344159,76733682179,62031002052,58691179424,
Exports of goods and services (current US$),NE.EXP.GNFS.CD,Greenland,GRL,,,,,,,,,,,,,,,,,,,,,,,,499688814,588005541.6,614117293.9,618803390.1,670683542.4,755948294.5,636422988.7,709357941.7,830368618.1,787621924.9,850827057,882815144.8,711618781.5,,
Exports of goods and services (current US$),NE.EXP.GNFS.CD,Grenada,GRD,39592592.59,39296296.3,38296296.3,39000000,41777777.78,55185185.19,75888888.89,79777777.78,86185185.19,85333333.33,93092592.59,97548148.15,99566666.67,110425925.9,126766666.7,123800000,131600000,138940740.7,165718518.5,218037037,235727407.4,197133111.1,172622222.2,179535555.6,197736925.9,148871259.3,162306481.5,209545888.9,207800814.8,187237296.3,183762222.2,196181925.9,206490963,214246185.2,548311296.3,578320444.4,592563555.6,
Exports of goods and services (current US$),NE.EXP.GNFS.CD,Guam,GUM,,,,,,,,,,,,,,,,,,,,,,,722000000,631000000,846000000,956000000,1006000000,1005000000,973000000,838000000,846000000,928000000,1004000000,1053000000,1057000000,1046000000,1124000000,
Exports of goods and services (current US$),NE.EXP.GNFS.CD,Guatemala,GTM,1748000000,1471000100,1288999900,1176000000,1231300000,1161565304,1160867534,1122800040,1262786260,1455681818,1608631682,1688639663,1886241442,2018135359,2274655724,2822506782,2791709665,3194408837,3524467055,3481419402,3895405350,5275584493,5464044940,5648997318,6464752709,6817724662,7537173335,8721105939,9673937486,9046866385,10667684327,12688236956,12530892565,12773393748,13599161558,13493508518,13427224042,
Exports of goods and services (current US$),NE.EXP.GNFS.CD,Guinea,GIN,,,,,,,597773146.7,645766109.1,640721917.5,756205506,828657264.8,914442808.1,817037843.9,869557550.7,769761044.4,780076675.3,742664657.5,740150188.5,763847002.6,749004814,734578521.3,809760048,780999308.1,894584161.4,902874206.9,1021679596,,,,,,,,,,,,
Exports of goods and services (current US$),NE.EXP.GNFS.CD,Guinea-Bissau,GNB,14039269.96,17319393.94,12977443.53,9829616.695,18557846.03,14037481.25,6817564.961,19759984.5,20460063.62,18949946.55,24240037.93,25670023.06,11094996.01,21009993.1,38769874.7,29630751.3,28460070.24,56440730.08,29820104.72,55800078.67,80534495.4,83141785.87,74157869.53,88988426.19,98042211.32,116505510,100785977.8,140353974,171900600.6,154760949.2,169396417.8,295675686.6,154034521.5,192908912.9,235025589.6,288662092.5,304217703.7,
Exports of goods and services (current US$),NE.EXP.GNFS.CD,Guyana,GUY,490319960,393107142.9,254400000,224500000,193263157.9,218069767.4,233674418.6,282142846.9,263299990,251948536.8,248683534.2,356599994.6,469762447.6,519140473.1,567658924.1,629152003.5,723896874.6,746591431.2,688346951.5,670497421.3,684731124.3,661420532,670242444.6,666355283.2,752856480.5,698037584,734648328.6,891598429.8,1015030449,1008663888,1168090287,1425598294,1666352676,1544327931,1440344647,1401254237,1724532688,
Exports of goods and services (current US$),NE.EXP.GNFS.CD,Haiti,HTI,,,,,,,,,,,,358174539.6,170898845.8,203703203.1,139173684.5,256955764.9,329352856.5,349066898.3,368684025,508794544.4,501951097.7,444583086.2,421081266.4,470453298.3,509741078.6,605171093.6,689118571,789923482.3,833050231.8,1034449702,1016035882,1311686990,1334016384,1543038541,1625139920,1745573768,1651664687,
Exports of goods and services (current US$),NE.EXP.GNFS.CD,Honduras,HND,955500000,892000000,774500000,805000000,853000000,913500000,1012500000,953500000,1043776824,1104827586,1134241245,1059303703,1100056385,1207624192,1367377034,1709071950,1890033784,2153764259,2414992614,2203972125,3833929938,3887472606,4099844097,4403400476,5124977595,5707066081,6077299865,6568499666,7077609446,5766473848,7247910834,9077897775,9431528589,8867468341,9396713235,9587677488,9192143639,
Exports of goods and services (current US$),NE.EXP.GNFS.CD,"Hong Kong SAR, China",HKG,25613432206,28115506414,27405229081,28132742388,34837426452,37098885865,43008342624,57087313902,71728414040,81399120502,90213099181,1.06158E+11,1.27907E+11,1.44855E+11,1.62014E+11,1.82564E+11,1.94351E+11,2.04029E+11,1.87184E+11,1.86851E+11,2.16356E+11,2.07976E+11,2.19709E+11,2.43329E+11,2.83709E+11,3.22201E+11,3.584E+11,3.94444E+11,4.2412E+11,3.81292E+11,4.69445E+11,5.28967E+11,5.66885E+11,6.10972E+11,6.21072E+11,6.06075E+11,6.01303E+11,
Exports of goods and services (current US$),NE.EXP.GNFS.CD,Hungary,HUN,,,,,,,,,,,,9986200173,10682799849,9294772847,10951805593,18172207829,19525164972,22639499500,25774329215,27298594367,31545521428,34841146647,39256792262,47995753136,61956149030,70702972455,85298013214,1.09005E+11,1.25276E+11,97175485824,1.07133E+11,1.22121E+11,1.10475E+11,1.15825E+11,1.2282E+11,1.10852E+11,1.12652E+11,
Exports of goods and services (current US$),NE.EXP.GNFS.CD,Iceland,ISL,1182463440,1191454376,1016722851,1081637476,1072753191,1183374085,1516841386,1864524019,1910922983,1874009127,2144374802,2130990706,2113903663,2008013452,2251653229,2493459870,2660119334,2689822761,2871531590,2915174196,2899575150,3040597549,3302578940,3728063200,4480159335,5111373621,5305970362,7104597611,7274932090,6403940847,7113368299,8301011807,8100784830,8576815578,9149131983,9011193554,9822623151,
Exports of goods and services (current US$),NE.EXP.GNFS.CD,India,IND,11405519017,11451496170,11973673452,12703450354,13291108212,12181130150,12899387362,15592154035,17846564189,20708945860,22572444951,22875165148,25410266170,27384893529,32265046188,38952670261,40681677283,44327025623,46288411826,52388145271,60697346482,60782221950,73234279967,90568215342,1.26271E+11,1.6036E+11,1.99379E+11,2.52325E+11,2.88043E+11,2.72938E+11,3.74237E+11,4.47384E+11,4.48401E+11,4.7218E+11,4.68331E+11,4.16787E+11,4.34116E+11,
Exports of goods and services (current US$),NE.EXP.GNFS.CD,Indonesia,IDN,22088390908,23629067635,20176590283,22488286937,22403748087,19513318138,15601530600,18173373753,20564513854,24013309488,28192324954,31924916523,37629266178,42274397859,46896633114,53185312942,58717201042,60106038404,50555726235,49720260590,67621169166,62625875834,63956798805,71553141045,82744351781,97387627235,1.13143E+11,1.27226E+11,1.5209E+11,1.30358E+11,1.83481E+11,2.35095E+11,2.25744E+11,2.18308E+11,2.1082E+11,1.82167E+11,1.77884E+11,
Exports of goods and services (current US$),NE.EXP.GNFS.CD,"Iran, Islamic Rep.",IRN,12961626484,12431487008,21524982662,22725836919,18359078550,16006784598,7802605539,12271835670,8964962592,11841502482,16573631049,,,16197325831,20321213941,20900063457,24315730858,19682874298,13986840980,21963669399,23526115003,24491811634,31402849783,37814191933,48018138115,68684788609,79540915796,1.00918E+11,1.07922E+11,94038986374,1.18843E+11,1.49568E+11,1.44497E+11,1.2565E+11,1.00541E+11,76184687615,93867660645,
Exports of goods and services (current US$),NE.EXP.GNFS.CD,Iraq,IRQ,33905858449,12149678293,11224455611,9994853651,12011257639,12141202959,7776777099,13146027662,12305242843,14418140881,13848182695,,,,,,,,,,,,,,20610853097,27149419158,33242357539,40777440300,66238927911,43994500000,54598900000,82505400000,96898668089,93100000000,97000000000,62728271351,55900000000,
Exports of goods and services (current US$),NE.EXP.GNFS.CD,Ireland,IRL,9647829260,8965732666,9241996199,9750543800,10718900034,11493861081,14098607885,17787862945,20998869586,23122497265,26973256220,27672816580,32659491625,33215376788,38803597644,50831600631,56772634325,63903021012,76059774139,85474976774,94351497052,1.04031E+11,1.15762E+11,1.32827E+11,1.56137E+11,1.68438E+11,1.83351E+11,2.18046E+11,2.31347E+11,2.20334E+11,2.28856E+11,2.46475E+11,2.41114E+11,2.53844E+11,2.91598E+11,3.62232E+11,3.70606E+11,
Exports of goods and services (current US$),NE.EXP.GNFS.CD,Isle of Man,IMN,,,,,,,,,,,,,,,,,,,,,,,,,,,,,,,,,,,,,,
Exports of goods and services (current US$),NE.EXP.GNFS.CD,Israel,ISR,8973568627,9198701754,8632337449,8852094306,9629661664,10199045721,11178402742,13256145679,14621893677,15659747965,17523868713,17213982186,19669657517,21077351189,23955061705,27571812838,29755302817,31991360816,33140443673,38227890910,47072572536,40928026250,39831567394,43969829385,52996876394,58113287430,62819695678,72411577128,83127926421,69137400504,81742711955,94163382801,92756814233,97304475463,99355487856,93529638777,96172733427,
Exports of goods and services (current US$),NE.EXP.GNFS.CD,Italy,ITA,96321351797,93295677227,90222837795,90066434600,91959275623,95456825778,1.19755E+11,1.44873E+11,1.56697E+11,1.71925E+11,2.15644E+11,2.12266E+11,2.3071E+11,2.17201E+11,2.40365E+11,2.89764E+11,3.1104E+11,2.99854E+11,3.05468E+11,2.90297E+11,2.9295E+11,2.99085E+11,3.09943E+11,3.66682E+11,4.32727E+11,4.56712E+11,5.09513E+11,6.04236E+11,6.44649E+11,4.9115E+11,5.35264E+11,6.14743E+11,5.92545E+11,6.14915E+11,6.30598E+11,5.48504E+11,5.54125E+11,
Exports of goods and services (current US$),NE.EXP.GNFS.CD,Jamaica,JAM,1368305771,1405804423,1252890928,1291947003,1319189409,1173209045,1345412392,1531795068,1670334931,1921108572,2207168708,2044050810,2198847360,2303245723,2517717074,2919782212,2848059090,2913714458,,,,,3175995056,3441462109,3811084121,3952160000,4777870370,5094847958,5737257268,4150941349,4133978027,4386692668,4469272988,4368228202,4344149025,4243346313,4409161038,
Exports of goods and services (current US$),NE.EXP.GNFS.CD,Japan,JPN,1.47633E+11,1.7505E+11,1.60496E+11,1.68031E+11,1.92829E+11,1.97462E+11,2.30363E+11,2.55156E+11,2.97933E+11,3.12544E+11,3.23097E+11,3.53382E+11,3.80853E+11,4.04619E+11,4.41813E+11,4.88884E+11,4.58191E+11,4.65704E+11,4.24401E+11,4.54007E+11,5.19274E+11,4.40214E+11,4.53413E+11,5.17443E+11,6.24623E+11,6.66349E+11,7.19102E+11,7.8987E+11,8.77807E+11,6.55017E+11,8.5711E+11,9.19001E+11,9.02242E+11,8.20553E+11,8.50777E+11,7.73029E+11,7.97781E+11,
Exports of goods and services (current US$),NE.EXP.GNFS.CD,Jordan,JOR,1579389057,1913438257,1901276596,1761498210,1940962289,1980486569,1811714286,2233973412,2727224152,2365993735,2489227060,2493170803,2667843630,2821789147,2984831258,3479594749,3663187588,3568401834,3544310014,3529798449,3538928068,3781805360,4552186178,4829901269,5998589563,6713822285,8201269394,9387588152,12699309567,11061126761,,,,,,,,
Exports of goods and services (current US$),NE.EXP.GNFS.CD,Kazakhstan,KAZ,,,,,,,,,,,,,18432373393,8870943454,7876567832,7940654091,7418919321,7739646727,6716763867,7163702485,10353710600,10166983108,11576893016,14928759198,22654791782,30386570590,41291971411,51704436894,76257057404,48243324766,65502334498,89503257382,91747467851,91381254223,87108779034,52581510795,43757534195,
Exports of goods and services (current US$),NE.EXP.GNFS.CD,Kenya,KEN,2144500527,2087869962,1714496080,1551597960,1656202770,1552098224,1871195192,1698200957,1869200100,1907852235,2202462462,2204292981,2155748038,2237655077,2647693122,2948351561,3035628836,2975495234,2842655388,2686592360,2742778003,2977896210,3273521678,3590023638,4283010819,5341992930,5935981293,7004914020,8138887724,7416382253,8262811549,9072837988,11205423899,10978241559,11243133134,10620375803,10275881773,
Exports of goods and services (current US$),NE.EXP.GNFS.CD,Kiribati,KIR,18459120.93,12675706.73,10818135.71,10481801.8,16809302.33,9526084.224,10251871.66,9856322.644,9813579.186,9705993.99,8053859.964,10416342.11,10020564.04,9700530.396,10645781.55,11355967.38,8939666.641,13221908.86,11076014.57,12960000,7960111.317,9891745.112,14016353.36,15900836.63,12470583.91,16078350.52,12048192.77,22188519.79,22129927.86,20691389.8,20409924.78,27182877.77,24938910.75,23463989.19,23075536.33,16602809.71,20145703.24,
Exports of goods and services (current US$),NE.EXP.GNFS.CD,"Korea, Dem. People’s Rep.",PRK,,,,,,,,,,,,,,,,,,,,,,,,,,,,,,,,,,,,,,
Exports of goods and services (current US$),NE.EXP.GNFS.CD,"Korea, Rep.",KOR,18490854913,21695813694,21284264376,24357331615,28420680414,27405347004,37521016507,50974020448,65053932492,67839335180,70786848649,78673621054,86206110293,93227353707,1.10482E+11,1.44224E+11,1.51228E+11,1.61548E+11,1.51153E+11,1.62869E+11,1.96621E+11,1.74481E+11,1.87742E+11,2.22545E+11,2.92911E+11,3.30601E+11,3.76047E+11,4.39918E+11,5.00723E+11,4.28868E+11,5.40896E+11,6.70343E+11,6.88933E+11,7.03396E+11,7.09556E+11,6.26899E+11,5.96084E+11,
Exports of goods and services (current US$),NE.EXP.GNFS.CD,Kosovo,XKX,,,,,,,,,,,,,,,,,,,,,,,,,,,514866390.7,748169997.3,890727991.8,964434565.2,1156953642,1580205727,1511499422,1548858205,1662199814,1412886769,1495888889,
Exports of goods and services (current US$),NE.EXP.GNFS.CD,Kuwait,KWT,22438031447,17413917145,11761027787,12339965695,13042891253,11509308843,8269098761,11750987083,9842293548,12739959496,8281249653,1860710517,8036810157,11437086424,12636363300,14235924933,16466265531,16043520936,11377952756,13837056505,21297262386,17900227910,17015464956,24939597315,33831014591,51691780822,66560992419,72698803659,98400297619,62977762335,76953942777,1.12775E+11,1.30086E+11,1.23413E+11,1.11413E+11,61597540711,53477829252,
Exports of goods and services (current US$),NE.EXP.GNFS.CD,Kyrgyz Republic,KGZ,,,,,,,,,,,780875000,908333333.3,824375000,680113636.4,567538461.5,489454732.5,561760456.1,676860146.9,600501762.4,527140642.4,573185350.4,560092477,635535283.3,742293893.7,941138691.6,942411696.1,1182432651,2012051034,2752393738,2565386525,2471698688,3380167259,2932959610,3099060450,2796701464,2350024278,2412148622,
Exports of goods and services (current US$),NE.EXP.GNFS.CD,Lao PDR,LAO,,,,,48571428.57,95555562.22,64210523.16,66241427.16,81630154.18,86618700.72,98057227.27,133175703.9,192017652.1,284956361,385700002.4,409499988.6,425300014,417400000.1,466700003.9,521789232.4,530820000,492970000,505520000,475490000,589520000,792320000,1317450000,1419520000,1804880000,1754720000,2522100000,3529720000,3860150000,4558720000,5407500000,4885880000,5548310000,
Exports of goods and services (current US$),NE.EXP.GNFS.CD,Latvia,LVA,,,,,,,,,,,,,,,,2000868511,2414915773,2591640455,2811791969,2638963488,2927652375,3177771435,3492097544,4243384578,5617268115,7306359676,8573078756,11881893038,14075490425,11149111760,12747568174,16317924893,17240223966,18244834998,19033161713,16292633496,16554485039,
Exports of goods and services (current US$),NE.EXP.GNFS.CD,Lebanon,LBN,,,,,,,,,,499011054.8,511008099.4,587982909.9,631003675.8,729016719.4,755509732.1,1266386351,1758689127,2289054888,2373803864,2445876364,2447097844,2754228856,3083250415,3361194030,7590713101,8050414594,7994693201,9395024876,11390507869,11955419928,13751783155,14804320748,14956192016,14641471871,13200881072,13304875566,12644960396,
Exports of goods and services (current US$),NE.EXP.GNFS.CD,Lesotho,LSO,90652285.57,83760683.76,,,,,,,,,,,,,,,,,,,,,,,,,,895709867.4,935020711.3,779280149.2,941238335.2,1230764223,1035831048,904859483.6,931254342.2,1012114657,967978075.5,
Exports of goods and services (current US$),NE.EXP.GNFS.CD,Liberia,LBR,613499900,588000000,539000100,487000100,471000100,467000100,464000000,,,,,,,,,,,26000000,38800000,64300000,166000000,177000000,230000000,150000000,321000000,325000000,498000000,554000000,292350100,176326100,247410300,337012100,571200000,673094200,572336500,396000000,450000000,
Exports of goods and services (current US$),NE.EXP.GNFS.CD,Libya,LBY,,,,,,,,,,,11467161017,10824367652,10363991477,8659001314,7734213548,7452762497,7989926740,8223041875,5278015398,7274687365,12077313549,9053049083,9169291339,15054687500,21117445538,30159825206,40429811206,49083636940,63183229814,37335460710,49055099463,19025486032,61096140128,46136117009,19342973908,8500942029,,
Exports of goods and services (current US$),NE.EXP.GNFS.CD,Liechtenstein,LIE,,,,,,,,,,,,,,,,,,,,,,,,,,,,,,,,,,,,,,
Exports of goods and services (current US$),NE.EXP.GNFS.CD,Lithuania,LTU,,,,,,,,,,,,,,,,2923571820,3516751057,4550758136,4397764696,3556785498,4447864825,5396324040,6759675495,8681096785,10723990437,14066594601,16806254612,20011475096,27341329284,19446386016,24255344866,32605661504,34974038911,39019464289,39348301662,31478821935,31845140205,
Exports of goods and services (current US$),NE.EXP.GNFS.CD,Luxembourg,LUX,5465920127,4491552694,4201668462,4187632505,4602357023,5092057001,6806418909,8235438466,9471118157,10377116196,12938305167,13991836267,15536833626,15987176889,18358957439,22122543788,23197377199,22858829499,25499574350,29091180482,31573110374,31363940045,33526829475,41055191874,53080876583,60381926377,74753899134,93068291815,1.04501E+11,84283396777,92868058803,1.06802E+11,1.05673E+11,1.17693E+11,1.38114E+11,1.28688E+11,1.29732E+11,
Exports of goods and services (current US$),NE.EXP.GNFS.CD,"Macao SAR, China",MAC,,,1263130843,1274081616,1491151654,1442091314,1661258923,2159229943,2430415641,2822912907,3189751901,3450270480,4034218481,4314850143,4642538598,5213107759,5311809600,5372964026,5041610267,4988676034,6046798490,6258293396,6875171160,7657831746,10086634589,10261387325,11682955483,14545850496,16757397040,16948511454,24689835295,33286149011,39204245360,46725745685,47010554519,35342642455,34468987255,
Exports of goods and services (current US$),NE.EXP.GNFS.CD,"Macedonia, FYR",MKD,,,,,,,,,,,1154602473,1075454082,1258971518,1192218793,1291454965,1468792651,1246175439,1393726851,1471501832,1549090801,1243035324,1083159041,1056879742,1367964906,1744831564,2178468743,2592957637,3677794222,4283349694,3084289103,3743089228,4945535690,4421855783,4694505693,5415583660,4905513612,5367444081,
Exports of goods and services (current US$),NE.EXP.GNFS.CD,Madagascar,MDG,539332850.7,413599393.5,395804802.7,371192737.4,390451042.9,349852993.5,395835112.7,424985798.7,398110235.9,460862260,511591862.1,480474065.3,495520770.9,516329411,655909631.7,762625878.5,818678578.8,775324578.4,804590725.1,909505659.6,1189643894,1317135940,703929204.2,1263720593,1424232723,1421705102,1639789578,2226642767,2498337012,1912664301,2180222972,2645585750,2877723736,3100238342,3405696074,3124394709,3350030639,
Exports of goods and services (current US$),NE.EXP.GNFS.CD,Malawi,MWI,307474449,317658885.3,265466603.5,253830439.2,342719683,273689721.4,271183708.6,301127360,321828758.8,298641058.2,447286489.1,512800021.4,417599977.8,334000000,350201456,424386751.9,520663213.2,568774017.6,573669301.3,497653766,446401353.3,480470201.8,554447969.8,647237088.5,655182957.6,662493075.4,704974738.9,1033208211,1205549161,1239972277,1585909090,1662861096,1579664425,1968028293,2040546029,1869120250,1800531528,
Exports of goods and services (current US$),NE.EXP.GNFS.CD,Malaysia,MYS,14135948137,13128294215,13679124647,15468770818,18478779954,17185209263,15662760324,20240515042,23425996525,27728882679,32783097342,38245926680,44957788511,52793597762,66398033836,83462121212,92359885523,93294414082,83529351814,96016052632,1.12369E+11,1.02436E+11,1.09221E+11,1.17854E+11,1.43928E+11,1.62049E+11,1.82516E+11,2.05487E+11,2.29659E+11,1.84897E+11,2.21687E+11,2.5402E+11,2.49353E+11,2.44491E+11,2.49468E+11,2.09287E+11,2.00658E+11,
Exports of goods and services (current US$),NE.EXP.GNFS.CD,Maldives,MDV,65200000,74500000,76600000,76700000,84500000,91100000,96600000,111200000,127900000,150100000,183800000,188069668.3,222261371.8,216373321.2,276649827.4,,,,,,,,,,,,777109375,1803881344,1969750758,1712197742,2007435766,2580052068,2482363409,2927831987,3318334445,3140739371,3367100023,
Exports of goods and services (current US$),NE.EXP.GNFS.CD,Mali,MLI,260555207.4,204679987.4,190127213,206683356.7,235050749.9,236903550.9,268401433.5,325338078.6,316261773.6,344950272.5,419815561.9,441616280.9,442408869.5,446796293,404768734.8,529405683.8,524706755.4,642627487.4,620691627.3,696525299.5,664046686.7,911806458.7,1092533988,1212062076,1289098229,1435662176,1961540293,1967357221,2463814073,2212791858,2438724189,2949427814,3346173087,3301881155,3236188474,3149676828,3215942813,
Exports of goods and services (current US$),NE.EXP.GNFS.CD,Malta,MLT,1011865523,901957038.2,760449062.5,697201131.7,687744389.6,721004117.9,923257046.1,1218522366,1421810951,1528217541,1931606511,2127761089,2470701036,2297713307,2577626150,4206104086,4073844688,4098987877,4329207647,4637322428,5138741917,4699990461,5235026235,5877887789,6272795217,6674418605,8341989713,10208185053,13328987842,12599194221,13396158940,15241938929,15219116428,15934390268,16694331086,14746818945,15352476400,
Exports of goods and services (current US$),NE.EXP.GNFS.CD,Marshall Islands,MHL,,,,,,,,,,,,,,,,,,,,,,,,,31679800,42040900,34486800,36651500,43849500,39972000,54863300,74422600,83455500,80564500,72719000,66864100,53566700,
Exports of goods and services (current US$),NE.EXP.GNFS.CD,Mauritania,MRT,261091414.9,337094713.2,300569496.7,360579111.6,331390706.2,409294206.1,450849239.7,446624557.2,481259026.6,489119625,465365228,501583344.1,413292159.9,399900320.3,576041913,740712210.3,712724337.9,590568504.4,424303359.6,382886107.8,387597191.2,380856483.1,375319562,335273542.9,470267924.5,671152482.2,1420000000,1506276426,1828003679,1502792641,2204179644,2907510972,2770784334,2852175979,2110645379,1797429337,1760671807,
Exports of goods and services (current US$),NE.EXP.GNFS.CD,Mauritius,MUS,579102846.1,510938286.8,508530696.7,508533939.3,506438265.8,576007770.8,885091784,1214377786,1381560833,1400870831,1723618259,1779993994,1912138892,1900668631,2018273535,2369969459,2811718232,2573644294,2738791382,2743569789,2813033341,3105567247,2947099660,3179542319,3449606342,3761162455,4107909335,4553278597,5102134061,4352373920,5125648056,6040723194,6276838602,5872859218,6537803381,5705243220,5413530043,
Exports of goods and services (current US$),NE.EXP.GNFS.CD,Mexico,MEX,20806478261,26030530612,26633315603,28288293089,30526865316,28436329311,22445889179,27348987810,36496759052,42358817388,48866100761,51459972502,55406026689,61187516048,70326131078,86544700439,1.06221E+11,1.21248E+11,1.29262E+11,1.47656E+11,1.7964E+11,1.7135E+11,1.73989E+11,1.7758E+11,2.0207E+11,2.30168E+11,2.66428E+11,2.89465E+11,3.07236E+11,2.44146E+11,3.13989E+11,3.66164E+11,3.87365E+11,4.01082E+11,4.19207E+11,4.04706E+11,3.99504E+11,
Exports of goods and services (current US$),NE.EXP.GNFS.CD,"Micronesia, Fed. Sts.",FSM,,,,3600000,,,,,,,,,,,,,,,,,,,,,37304000,41837100,45844200,57728200,61340600,61174100,69724200,75514600,96061600,93471800,83147800,82807200,87818100,
Exports of goods and services (current US$),NE.EXP.GNFS.CD,Moldova,MDA,,,,,,,,,,,,,,,,865020398.2,936849956.5,1057429978,795620000,609819995.8,641350000.8,738160000.9,876450003.7,1059410002,1317480001,1528364908,1542446634,2088456000,2471513953,2005630356,2279614206,3154805513,3167594167,3461165666,3315711477,2787816032,2944613979,
Exports of goods and services (current US$),NE.EXP.GNFS.CD,Monaco,MCO,,,,,,,,,,,,,,,,,,,,,,,,,,,,,,,,,,,,,,
Exports of goods and services (current US$),NE.EXP.GNFS.CD,Mongolia,MNG,,551441066.7,670229033.3,725268666.7,612402625,584447425,874014900,930447966.7,911636900,804344500,467975940,1286298568,381224551.6,455909517,413198588.9,588727618.6,478057767.6,621954882.5,537971733.7,530379659,613886974.3,638035524.4,708425457,835170861.9,1210933088,1483028670,2029426100,2524671786,3037494849,2304668257,3355976969,5470718738,5356224606,4893217336,6388231514,5363184215,5615847874,
Exports of goods and services (current US$),NE.EXP.GNFS.CD,Montenegro,MNE,,,,,,,,,,,,,,,,,,,,,362362453.9,445661830.6,454214656.7,522751328.7,871215545.1,982979728.9,1331085184,1628732549,1796439139,1427934148,1533339073,1921875174,1785211358,1845630643,1841764628,1707008983,1769814159,
Exports of goods and services (current US$),NE.EXP.GNFS.CD,Morocco,MAR,4201460651,4032793921,3822384194,3697970835,3800197492,3824760012,4258784763,4893103407,6425436406,5935155863,7412029591,7205700802,7474470438,6983435380,7454972835,8849422506,9424723999,9365776467,9784245721,10472273408,10408859646,11131218818,12213885546,14319582637,16759442727,19275938443,22483549354,27325903592,33064268480,26014198657,30046571306,35175589315,34323976635,35014930700,38123788111,35210614176,36355748152,
Exports of goods and services (current US$),NE.EXP.GNFS.CD,Mozambique,MOZ,383021604.9,351926345.6,300304232.8,197975124.4,139964622.6,127430555.6,132475247.5,156341245.3,168970453.7,190304201.9,205339145.4,299409550.4,243064484.7,224943635.9,295248814.6,333235880.2,464287558.6,507563810.2,532690810.6,539043365.6,643699708.4,1006634015,1228212822,1430924894,1976104414,2331864499,2511650688,2888448772,3372260644,3270182860,3199622439,4389315097,4705637322,4864813756,5658110685,4767493591,3828497482,
Exports of goods and services (current US$),NE.EXP.GNFS.CD,Myanmar,MMR,,,,,,,,,,,,,,,,,,,,,47983870.83,30484464.41,19367367.68,21726064.4,19733138.16,21391403.15,22782752.44,27888285.3,37137771.79,37907354.2,54060671.88,59656394.94,6891864385,11834021535,13148404737,12414480083,11029891131,
Exports of goods and services (current US$),NE.EXP.GNFS.CD,Namibia,NAM,1704868259,1268703624,1109316080,1034886276,885207076.5,830106474.6,1022556849,1068842682,1154154388,1264259427,1215312990,1318542969,1475212307,1515190899,1617131689,1777941551,1811286279,1771921788,1602298916,1602751273,1597772846,1460496759,1546281765,2139539096,2630325000,2937171230,3627795200,4412593267,4612895499,4646398527,5388068787,5649627467,5650574117,5237831318,4950011719,4518400514,4623456175,
Exports of goods and services (current US$),NE.EXP.GNFS.CD,Nauru,NRU,,,,,,,,,,,,,,,,,,,,,,,,,,,,,,,,,73335278.56,82024360.51,67007315.22,45561010.79,49823787.21,
Exports of goods and services (current US$),NE.EXP.GNFS.CD,Nepal,NPL,224583341.7,293583341.7,277668266.8,250371505.2,274961829.1,302055495.9,332467040.8,349348712.9,399163908.4,390158315.2,381884707.7,450607063.7,542824053.5,674654166.7,772440816.3,1099094803,1031715001,1294985096,1108297014,1150110375,1279281888,1355238095,1073251679,993875698,1213488963,1185691368,1216071411,1327426849,1602782687,1596506175,1533460341,1684070416,1899081335,2059909636,2301359095,2488355029,2005962801,
Exports of goods and services (current US$),NE.EXP.GNFS.CD,Netherlands,NLD,97803050543,89555170361,86486566394,83263454868,83535520742,85650311438,1.01394E+11,1.20446E+11,1.34688E+11,1.4131E+11,1.72173E+11,1.79393E+11,1.92566E+11,1.84888E+11,2.06267E+11,2.5725E+11,2.56929E+11,2.50129E+11,2.58337E+11,2.66248E+11,2.74488E+11,2.72254E+11,2.82715E+11,3.41456E+11,4.13321E+11,4.52016E+11,5.03415E+11,5.89891E+11,6.70738E+11,5.41823E+11,6.01816E+11,6.91379E+11,6.79208E+11,7.10766E+11,7.26274E+11,6.32365E+11,6.40812E+11,
Exports of goods and services (current US$),NE.EXP.GNFS.CD,New Caledonia,NCL,,,,,,,,,,,467609336.5,448725806.7,400862303.6,402533466.9,413150781.4,564723523.8,553535409.9,542832906.1,378750570.2,399928528,,,,,,,,,,,,,,,,,,
Exports of goods and services (current US$),NE.EXP.GNFS.CD,New Zealand,NZL,6695618606,6818749480,6702112163,6905888538,6892046044,7232225064,8152196874,10547199010,11833172303,11573060307,12175342138,12465113662,12991280306,14314473757,17024848892,18787858661,19884140419,18712727731,16652455392,18187243759,18809994291,19087560690,21885258022,26333821913,30697142857,32448778427,33025095649,40158741824,42706825051,34875382597,44356174905,51152198482,50852168175,54945515719,56008074551,48915776077,48810845617,
Exports of goods and services (current US$),NE.EXP.GNFS.CD,Nicaragua,NIC,,,,,,,,,,331866666.7,251842580.6,324886597.9,309280000,358807189.5,507617767.9,666412217.8,725843473.6,852511351.5,896202984.3,899778094.8,1026990189,1013628825,984614526.3,1102014235,1336449667,1541276323,2114772100,2454433818,2928943382,2820020610,3544361784,4400102010,4999454106,4965870674,5347156490,5096730174,5155590808,
Exports of goods and services (current US$),NE.EXP.GNFS.CD,Niger,NER,616701297.7,524397196.8,423104824.9,375494052.1,334702553.9,297998034.8,380827485.6,464530514.6,417302495.5,361801928.6,367414827.1,327132330.3,392904450.4,251303227,258428745.3,332540382.8,368558528.9,310506255.8,369279320.8,320893761.3,320100542.7,329206446.9,345279216.5,415117034.5,530113681.1,565091993.2,598517738.2,747917443.9,958023498.2,1096776844,1269427008,1339668181,1517491628,1735679297,1729870655,1318932555,1292866779,
Exports of goods and services (current US$),NE.EXP.GNFS.CD,Nigeria,NGA,18859387229,13551357733,9166139847,5153296636,4476176340,5019799764,2759280775,6491156082,5318765141,10657187102,10870857549,11423129943,10990586392,5341398234,4396845256,10208818647,11279614500,14964639142,9502656250,12149269911,23995650917,20059866962,21261782561,26918827309,26494839564,35534428673,62696705213,56141532540,82982734466,52147056078,93240367803,1.28999E+11,1.44918E+11,92950933818,1.04803E+11,51146640721,,
Exports of goods and services (current US$),NE.EXP.GNFS.CD,Northern Mariana Islands,MNP,,,,,,,,,,,,,,,,,,,,,,,1169000000,1118000000,1218000000,1017000000,829000000,627000000,488000000,312000000,335000000,317000000,380000000,417000000,451000000,520000000,914000000,
Exports of goods and services (current US$),NE.EXP.GNFS.CD,Norway,NOR,27550615484,27207770712,25657576697,25431719752,26225816333,27462313311,26430822075,29929499072,33078717201,38304004635,47221272585,47777692082,48588784295,44804978785,47467411018,56528602096,65313808180,65441796025,56898781991,62649374295,78315344589,78221915767,78939226935,90697014209,1.0869E+11,1.34064E+11,1.54283E+11,1.736E+11,2.1225E+11,1.51524E+11,1.70473E+11,2.05661E+11,2.07022E+11,2.04892E+11,1.93658E+11,1.4584E+11,1.26673E+11,
Exports of goods and services (current US$),NE.EXP.GNFS.CD,Oman,OMN,3748117834,4695715113,4422987840,4255935148,4435437174,4985524030,2874345550,3817945384,3355006502,,5518855657,4884265280,5568270481,5378413524,5555266580,6078023407,7609882965,7924577373,5911573472,7648894668,10473342003,10057217165,9890767230,10764629389,12723016905,18114434330,20905071521,23771131339,35617685306,24501950585,38499869701,49421972692,52138361508,56429128739,53565929779,35686345904,27545643693,
Exports of goods and services (current US$),NE.EXP.GNFS.CD,Pakistan,PAK,2958199879,3461199646,3055880787,3419646228,3448628354,3246343701,3796228159,4414018072,5227069507,5576986901,6216942612,7725443914,8442727144,8394297013,8449775780,10132260947,10703064802,10040494157,10252214044,9668690514,9940178787,10600274820,11007713543,13917671163,15350078166,17180327372,19400851368,20137183306,21059563685,20843801713,23978785633,29831048430,27816080761,30699243927,29916086157,28690885215,25484992271,
Exports of goods and services (current US$),NE.EXP.GNFS.CD,Palau,PLW,,,,,,,,,,,,17100000,26900000,17700000,12600000,13868000,13907000,11812000,11094000,13574000,46220900,68679800,73564400,62188400,69308700,81521200,83643200,90087800,98135700,87807900,94319800,113801300,132619100,138526300,159872800,179068100,174720800,
Exports of goods and services (current US$),NE.EXP.GNFS.CD,Panama,PAN,3000600900,3253003600,3277786800,2792310500,2752048000,2972609600,3202394800,3233834800,2940126900,3092916000,3699099600,4552713300,5336629500,5626006400,6185029900,6399816900,7036371500,8220258000,7831147900,6896505400,7629852800,7768180900,7489896100,7441313900,8672878000,10561613900,12004967500,14540200000,17802300000,17839000000,19165100000,25056600000,28230800000,27124600000,26338000000,25781000000,24707000000,
Exports of goods and services (current US$),NE.EXP.GNFS.CD,Papua New Guinea,PNG,1099418691,955274888.6,872444143.5,927520631.5,1006788226,1020593822,1154004427,1357087785,1581247838,1441546344,1308008919,1600717259,2094859690,2618824722,2945821278,2829836684,3062590745,2426712779,2047863434,2194663470,2330370432,2012832113,1827176463,2454905169,2833996151,,,,,,,,,,,,,
Exports of goods and services (current US$),NE.EXP.GNFS.CD,Paraguay,PRY,,,,,,,,,,,,3550997047,3566831493,4343942839,4787159537,5598134507,5162446701,4830120393,5079354408,3799764673,3838996085,3459319570,3402825624,3625989129,4371893087,5083809323,6252319090,7818347667,9993980610,8210295841,11036468064,13186264509,12278348692,14356651476,13954911448,11536625270,11449147480,
Exports of goods and services (current US$),NE.EXP.GNFS.CD,Peru,PER,4627898927,4018470282,4101204128,3770109296,3839630805,4326700000,2506550000,2622033333,2331272000,2549118239,4145688961,4190478468,4500645313,4336828767,5732107084,6717350829,7357698733,8418168168,7605311668,7727286157,8676752916,8637724124,9462717116,11167509772,15298201418,20421330421,27068649606,32206455737,35836836529,31948077817,41051644190,52392070005,52881407340,49908212739,45392391687,40298329356,43144203135,
Exports of goods and services (current US$),NE.EXP.GNFS.CD,Philippines,PHL,7649439519,8495892249,7552224824,7087386504,7545617324,7381027876,7863796681,8844109939,10756730364,11968744106,12192879620,13442351503,15431886330,17049620389,21677013461,26948013564,33559012348,40312853105,32322918341,37753916618,41622636595,35101031054,38032242859,39568639223,44381431196,47554121704,56923378308,64614293674,64298978846,54258203160,69464160334,71794924487,77076000265,76162166656,82281140247,83135318328,85267069626,
Exports of goods and services (current US$),NE.EXP.GNFS.CD,Poland,POL,,,,,,,,,,,17105184636,18200521213,20232989656,19936991403,23706642276,32635463918,35338822744,37168907999,45309604650,40943510373,46802650652,51878648721,57137009804,72632296220,87410323710,1.05952E+11,1.30565E+11,1.65538E+11,2.02087E+11,1.6374E+11,1.91967E+11,2.25042E+11,2.22344E+11,2.42809E+11,2.59386E+11,2.36353E+11,2.46334E+11,
Exports of goods and services (current US$),NE.EXP.GNFS.CD,Portugal,PRT,7057627954,6500814984,6313888496,6687329352,7358066009,7928832804,10071371800,13171761064,15571606546,17853135345,22958862326,23687977106,26314080042,22421148984,25053865700,31619121666,32554302054,31772678102,33874086153,33742509056,33366272342,33332738255,36168664596,44130741535,51561877328,52747892053,62397114540,74466286614,81550571261,66008082801,71188987965,83977796363,81593674784,89335599461,92022713976,80570987580,82337891193,
Exports of goods and services (current US$),NE.EXP.GNFS.CD,Puerto Rico,PRI,7013300000,8092800000,8881600000,8521200000,9146000000,10543700000,11571400000,12068100000,13952800000,16354900000,19305400000,21323000000,21051200000,19790700000,21752600000,23811300000,22944400000,23946800000,30272900000,34901800000,38465700000,46900800000,47172300000,55175300000,55080200000,56543200000,60118700000,60010800000,63953600000,60806600000,61657200000,64876000000,58914100000,62396900000,62457200000,69390900000,71856100000,
Exports of goods and services (current US$),NE.EXP.GNFS.CD,Qatar,QAT,,,,,,,,,,,,,,,3309340687,3608241786,3961263819,5454670330,5240109890,7440934066,11949450549,11556593407,11684615385,14519780220,20363186813,28982692308,38244780220,48048351648,70732417582,50009065934,77975824176,1.21838E+11,1.42876E+11,1.4451E+11,1.40229E+11,92291208791,72397252747,
Exports of goods and services (current US$),NE.EXP.GNFS.CD,Romania,ROU,,,,,,,,,,,6522727273,5103947368,6981666667,6067763158,7488942598,9594687654,9772624067,10031110491,9596101848,10024522272,12248191994,13419152816,16264710331,20680090361,27161319974,32809005732,39604948380,49994463356,56072928659,45826779917,54266402341,68298169652,64312582896,76137323838,82174728293,72968370073,77637145250,
Exports of goods and services (current US$),NE.EXP.GNFS.CD,Russian Federation,RUS,,,,,,,,,,1.10935E+11,93864123358,68740740741,2.86864E+11,1.66222E+11,1.09667E+11,1.15849E+11,1.02134E+11,1.00138E+11,84595569294,84670999188,1.14429E+11,1.13116E+11,1.21649E+11,1.51698E+11,2.03415E+11,2.68957E+11,3.33908E+11,3.92044E+11,5.20004E+11,3.41584E+11,4.45513E+11,5.73992E+11,5.94193E+11,5.92497E+11,5.58283E+11,3.91556E+11,3.29938E+11,
Exports of goods and services (current US$),NE.EXP.GNFS.CD,Rwanda,RWA,181144470.6,138251014.5,162572532.8,171374038.3,200513014.2,184987470.9,244728622.5,160729968.1,158571149.9,147651245.8,143182955.2,139864281.5,112984489.2,102031320,47498580,66627296.73,83373731.5,144372284.3,111106099,113792249.5,110342364.1,142214789.9,117804164,156234016.2,232055125.2,295792963.6,382447092.3,599683703.4,610772230.1,631729391.8,694526734.9,896208853.3,937660092,1073246773,1180591313,1178958885,1260583969,
Exports of goods and services (current US$),NE.EXP.GNFS.CD,Samoa,WSM,,,,,,,,,,,,,,,46311637.08,69366054.82,78727753.73,83182816.7,87184331.96,82530160.63,81059005.04,84143565.8,84394378.37,94474448.87,118528903.4,131383662.1,147092559.8,163716152.4,186349396.2,169761804.4,187881156.9,209203945.7,215950586.7,232998862.1,223477912.7,220821624.5,230689405.8,
Exports of goods and services (current US$),NE.EXP.GNFS.CD,San Marino,SMR,,,,,,,,,,,,,,,,,,,,,,,,,,,,,,,,,,,,,,
Exports of goods and services (current US$),NE.EXP.GNFS.CD,Sao Tome and Principe,STP,,,,,,,,,,,,,,,,,,,,,,,,,,,,,,,,,,,,,,
Exports of goods and services (current US$),NE.EXP.GNFS.CD,Saudi Arabia,SAU,1.04411E+11,1.1577E+11,77740796920,49690593343,41296821793,31243235781,23221442074,26447263017,27645126836,32174632844,47445927904,50652603471,53610680908,45678237650,45960747664,53521228304,63501201602,64989052069,43493066667,56061600000,82259466667,72980533333,77641333333,98956800000,1.31921E+11,1.87389E+11,2.25507E+11,2.49318E+11,3.22854E+11,2.02056E+11,2.61831E+11,3.76224E+11,3.9942E+11,3.87644E+11,3.54541E+11,2.1801E+11,1.9829E+11,
Exports of goods and services (current US$),NE.EXP.GNFS.CD,Senegal,SEN,837231800.9,1007608614,907408044.2,976025150.5,919374848.8,824439137,1029003549,1071050914,1111270775,1201880954,1452629940,1297167847,1342021623,1150774996,1231154996,1505882118,1366964479,1276289282,1393232464,1443237452,1306785071,1401154237,1522757487,1826048610,2179600852,2352409558,2398285988,2871511233,3511377648,3126080585,3221432472,3792077547,3969651157,4209632732,4303695926,4016238716,4254092608,
Exports of goods and services (current US$),NE.EXP.GNFS.CD,Serbia,SRB,,,,,,,,,,,,,,,,1357994350,3145121043,3782199821,3868604698,2159833641,644426818.9,2753174611,3327354915,4653561493,6021306443,7125023608,9263889923,11427645907,14342869705,11441117717,12995300332,15787587920,15045451290,18754261739,19176836683,17344092623,19158838368,
Exports of goods and services (current US$),NE.EXP.GNFS.CD,Seychelles,SYC,21153012.78,17156023.23,15274073.04,20279885.78,25707951.23,27990001.4,18399843.5,22156074.17,31823883.79,34277207.2,56494406.87,48828767.51,47962865.34,51147737.14,50570631.75,53235893.24,139524537.7,113250303.4,122321126.5,145086382.8,464069445.9,521402304.7,543132354,627255559.5,621180909.1,719670181.8,857524992.3,936671039.1,980668675.7,915141837.9,909788635.9,1020732566,1052408742,1206084871,1182039892,,,
Exports of goods and services (current US$),NE.EXP.GNFS.CD,Sierra Leone,SLE,251666984.2,256578379.8,204093165.9,110166390,115540150.2,127012171.2,58414118.82,224167528,303069450.1,223145475.1,225361107.7,243739338.7,214817781.3,186687224.7,269120504.5,161860434.3,164289127.8,112226184.4,94546559.22,92561800.24,115314755.5,85492032.32,107153406.4,192923463.5,238584015.1,290042436.9,317931420.7,336802821.5,338717766.5,331270804.7,432978661.2,478655062.6,1251015326,1408534692,1542664519,816852288.8,885954258.5,
Exports of goods and services (current US$),NE.EXP.GNFS.CD,Singapore,SGP,24031178148,28092845134,29812562124,29675560748,30900662565,29160517557,27644243443,34308211629,46864672365,54623086861,64045069989,76631490593,84308164518,97965837356,1.22469E+11,1.59276E+11,1.6974E+11,1.70185E+11,1.43642E+11,1.52882E+11,1.813E+11,1.64715E+11,1.70984E+11,1.99023E+11,2.47128E+11,2.88253E+11,3.40091E+11,3.86534E+11,4.44416E+11,3.69748E+11,4.72246E+11,5.60262E+11,5.70191E+11,5.87366E+11,5.96047E+11,5.28176E+11,5.11239E+11,
Exports of goods and services (current US$),NE.EXP.GNFS.CD,Sint Maarten (Dutch part),SXM,,,,,,,,,,,,,,,,,,,,,,,,,,,,,,,,,,,,,,
Exports of goods and services (current US$),NE.EXP.GNFS.CD,Slovak Republic,SVK,,,,,,,,,,,3177656298,6212187168,10257828309,9071314125,11677042354,14586752941,14547182510,15231710660,13917320729,14440640315,15741167312,17744742729,20166897233,29063816027,39331389372,45170835717,57202157822,71870520120,80305185294,60135470964,68320828931,83500249284,85408529480,92391896265,92723947154,81347891077,84943185973,
Exports of goods and services (current US$),NE.EXP.GNFS.CD,Slovenia,SVN,,,,,,,,,,,14747180085,9892822609,7386169811,6955369101,8058964279,9701955722,9921480878,9875306273,10518606751,10017114436,10172240529,10802787364,12290189726,15114768715,18946986547,21655505534,25611438841,32524114700,36749801084,28761465685,30867042603,36095358962,33895316693,35854836867,37834662315,33162392071,34718057551,
Exports of goods and services (current US$),NE.EXP.GNFS.CD,Solomon Islands,SLB,,69064582.85,68170116.36,69388821.17,96333516.53,77120475.42,77289692.79,79718464.53,99447779.11,96284667.71,90912685.86,107448062.5,128410914.9,158766508.8,170808774.4,188114742.1,194537909.4,219591595.1,170508347.9,172092350.3,104816365,66123531.64,68560336.65,87864213.49,116023354.3,141024449.2,165043695.4,214943805.5,269474180.1,234921787.7,336043276.1,541987358.2,635199994.6,598000000,595075929.1,520455557.4,,
Exports of goods and services (current US$),NE.EXP.GNFS.CD,Somalia,SOM,,,,,,,,,,,,,,,,,,,,,,,,,,,,,,,,,,779000000,819000000,859000000,924000000,
Exports of goods and services (current US$),NE.EXP.GNFS.CD,South Africa,ZAF,28497688752,24621728218,21185782267,21269942565,21695933457,21068537790,24305252515,31481922687,33355572569,33343590253,27149151625,26149639662,27855890603,29313278453,30010701814,34412064735,35544390947,36601345486,34450554420,33741550045,37034352575,35720031152,36785717682,47117929330,58303694631,68145493414,79569689089,93220259696,1.02272E+11,82958801498,1.07392E+11,1.26985E+11,1.17805E+11,1.13271E+11,1.09569E+11,96460194342,89406681714,
Exports of goods and services (current US$),NE.EXP.GNFS.CD,South Sudan,SSD,,,,,,,,,,,,,,,,,,,,,,,,,,,,,10267297853,7377262101,9662024383,11779190365,1049491525,2147118644,2676503424,881417414.9,,
Exports of goods and services (current US$),NE.EXP.GNFS.CD,Spain,ESP,33333052680,33092456479,33343434499,32676952436,36739040261,37800134442,45828335987,56614462067,65220896872,69002001124,84547320927,91153749079,1.02341E+11,93177437966,1.07986E+11,1.34429E+11,1.48189E+11,1.5161E+11,1.61561E+11,1.67146E+11,1.70381E+11,1.74411E+11,1.86702E+11,2.3077E+11,2.69302E+11,2.85474E+11,3.14519E+11,3.80305E+11,4.13929E+11,3.39897E+11,3.65339E+11,4.30351E+11,4.10158E+11,4.38756E+11,4.50429E+11,3.94553E+11,4.07633E+11,
Exports of goods and services (current US$),NE.EXP.GNFS.CD,Sri Lanka,LKA,1296672716,1345038961,1304565113,1360645984,1740762579,1555117820,1519200571,1683389946,1819710783,1904743412,2424288567,2586802030,3082683094,3494577815,3962059895,4638263415,4860502985,5514301315,5724701319,5555445147,6371581613,5878254643,5773455294,6543193121,7300256942,7892218858,8520291702,9418774724,10113916432,8972037013,11091200156,13644121297,13561292254,15101674298,16735296753,16937417238,17438283795,
Exports of goods and services (current US$),NE.EXP.GNFS.CD,St. Kitts and Nevis,KNA,32122222.22,34162962.96,29862962.96,29200000,38548148.15,43188888.89,57844444.44,69129629.63,75159259.26,79207407.41,82385185.19,96962962.96,112796296.3,115414814.8,120948148.1,118507407.4,127618518.5,140381121.9,145126608.1,146164683.2,150139027.9,153063804.5,153459088.7,165346086.8,193949555.6,226658074.1,235708629.6,233020481.5,235437481.5,176575629.6,212200333.3,261345000,278681444.4,324851777.8,542596272.9,531193499.6,518488010.6,
Exports of goods and services (current US$),NE.EXP.GNFS.CD,St. Lucia,LCA,89329629.63,78811111.11,82970370.37,98274074.07,103751851.9,122222222.2,166296296.3,180000000,239400000,250000000,288200000,301700000,323800000,332900000,340000000,380370370.4,353111111.1,358670370.4,390000000,369629629.6,376874074.1,327812592.6,319191407.4,390119222.2,464234703.7,524915888.9,440208037,457126481.5,536058518.5,543952111.1,608868703.7,572842185.2,603761185.2,607777222.2,632123555.6,662027259.3,612685370.4,
Exports of goods and services (current US$),NE.EXP.GNFS.CD,St. Martin (French part),MAF,,,,,,,,,,,,,,,,,,,,,,,,,,,,,,,,,,,,,,
Exports of goods and services (current US$),NE.EXP.GNFS.CD,St. Vincent and the Grenadines,VCT,33137037.04,42955555.56,50344444.44,57681481.48,71462962.96,82400000,92888888.89,91096296.3,124503703.7,115177777.8,130166666.7,113362963,137966666.7,119481481.5,112255555.6,136311111.1,149237037,148344444.4,157414814.8,177185185.2,179414814.8,175943333.3,178312814.8,172849111.1,184518296.3,200544555.6,211994444.4,212220185.2,210168333.3,192307703.7,183185259.3,182794074.1,190669814.8,181957814.8,185893333.3,279259259.3,285925925.9,
Exports of goods and services (current US$),NE.EXP.GNFS.CD,Sudan,SDN,789333333.3,963500000,918000000,872230769.2,820571428.6,712800000,747500000,1113055556,584476190.5,816777777.8,499000000,379500000,369020533.9,375733207.8,600118784.5,687264417.3,672294691.4,624215840.6,754007519.9,831000039.6,1959294026,1502577773,2069337701,2616599318,3810409600,5086917943,6832645406,10045701106,13138471582,8487453965,12958469167,11827810958,6280632522,6371026741,6694643449,7949533333,9394847021,
Exports of goods and services (current US$),NE.EXP.GNFS.CD,Suriname,SUR,547000000,522000000,474500000,387750000,374700000,320850000,290500000,304400000,340300000,204520000,163270000,156910000,115973333.3,87529411.76,138885820.9,158573755.7,200952618.5,234188500,293984750,241124186,176013030.3,179960229.4,202641276.6,250992810.5,387432992,545700259.9,1707580493,1589435337,2010564663,1710018215,2295476069,2847709823,2875454545,2594848485,2356060606,1856469693,1625084289,
Exports of goods and services (current US$),NE.EXP.GNFS.CD,Swaziland,SWZ,404340010.3,429712460.1,356879720,345031864.3,274452653.7,204597597.7,308884026.3,478094302.6,531955179.2,586189842.5,657911722.6,685120414.3,736802699.9,777483857.1,903787315.5,1019656475,951315563,1053208550,1059266140,1006123414,1195062379,1152880975,1105311526,1855760599,1901024135,1919092086,1946164277,1986545335,1793232363,1860082479,2062749754,2205397598,2168194994,2127628590,2199386438,1995295778,1842329701,
Exports of goods and services (current US$),NE.EXP.GNFS.CD,Sweden,SWE,39167720825,36635527215,34956018289,35231448227,37330889552,37827364370,46547099444,55884715302,62626260005,65440527416,74209023366,72631878165,74909126035,65730272118,77976153447,1.00347E+11,1.06118E+11,1.05928E+11,1.09461E+11,1.1115E+11,1.14567E+11,1.04973E+11,1.11087E+11,1.36564E+11,1.65839E+11,1.78466E+11,2.02413E+11,2.35411E+11,2.56022E+11,1.90992E+11,2.25558E+11,2.62876E+11,2.51943E+11,2.53493E+11,2.58408E+11,2.26808E+11,2.27768E+11,
Exports of goods and services (current US$),NE.EXP.GNFS.CD,Switzerland,CHE,56172585904,53581992312,50403111363,48724852461,51113594289,52332532620,68986425427,80965279037,90152024192,92156315545,1.08671E+11,1.05738E+11,1.12563E+11,1.09518E+11,1.19117E+11,1.39383E+11,1.37783E+11,1.35356E+11,1.37791E+11,1.37455E+11,1.4179E+11,1.41794E+11,1.47504E+11,1.69782E+11,2.0288E+11,2.19836E+11,2.43432E+11,2.94204E+11,3.47371E+11,3.09907E+11,3.73421E+11,4.57983E+11,4.47814E+11,4.95206E+11,4.55818E+11,4.22099E+11,4.4018E+11,
Exports of goods and services (current US$),NE.EXP.GNFS.CD,Syrian Arab Republic,SYR,2433274526,2481042399,2317931318,2382576881,2222309623,2063703244,1530228811,1817810206,1813488339,2439160455,3488165260,3168250000,3479921426,3816418521,3346540000,3537504990,4388662675,4702704280,4640692308,5129922481,6839334310,7464741326,8216795445,7305994717,10048415842,11655517241,13167996090,15613886332,,,,,,,,,,
Exports of goods and services (current US$),NE.EXP.GNFS.CD,Tajikistan,TJK,,,,,,,,,,,732190944.4,841782171.4,184727727.5,470211080.2,579301313.9,807699845.5,799500169.2,804200071.1,645740535.7,717931814.5,849898376.9,734837998.5,799355016.1,984910563.8,1210650160,601245684.4,656280893.8,766926565,864922144.2,754168199.5,865754898.4,1164434797,1644160795,1631431636,836363780,824913290.4,,
Exports of goods and services (current US$),NE.EXP.GNFS.CD,Tanzania,TZA,,,,,,,,,,,537502326.3,508648122.3,572500378.7,765667178.3,929865124,1265179987,1295157202,1246175398,1158589390,1215107006,1361321125,1765886968,1899705850,2164237172,2520433571,2863589347,3182543919,4067939493,5103840258,4964364009,5887856349,7031990512,8319948330,7825398743,9357095035,9865403630,9223515846,
Exports of goods and services (current US$),NE.EXP.GNFS.CD,Thailand,THA,7800882968,8309884328,8385615715,8053095421,9154250954,9030262640,11033541327,14601715210,20357556565,25231110419,29129233355,35329430023,41206885012,47453553769,56094870775,70305436039,71417410142,72442713531,65860554070,71490174196,81953041250,76088350937,81447761993,93686958534,1.14063E+11,1.29499E+11,1.52293E+11,1.81094E+11,2.08095E+11,1.8153E+11,2.26788E+11,2.62744E+11,2.77398E+11,2.86321E+11,2.82242E+11,2.75818E+11,2.8045E+11,
Exports of goods and services (current US$),NE.EXP.GNFS.CD,Timor-Leste,TLS,,,,,,,,,,,,,,,,,,,,,37200000,27900000,27900000,27900000,37200000,46500000,34100000,40300000,65100000,43400000,88300000,95100000,122600000,92600000,76800000,69900000,,
Exports of goods and services (current US$),NE.EXP.GNFS.CD,Togo,TGO,580273710.3,444924500.1,412043218.3,348233629.3,367999845.3,369048867.8,466639453.4,516742399.4,601984527.4,536694494.5,545098033.2,535853578.2,455990718.3,300774173.2,300177570,424723384.9,487731055.7,434321206.8,471224953,455092409.9,445009194.8,450344218.9,538493240.6,725853721.7,747027290.6,846998677.1,841488832,956878995.4,1122809400,1162122007,1274377772,1481175763,1804617228,2151003603,1994812439,1725686859,1879291720,
Exports of goods and services (current US$),NE.EXP.GNFS.CD,Tonga,TON,16011159.19,15794070.33,17123440.51,11355855.86,17095217.2,18094839.03,17534759.36,25256966.81,24250192.26,26696066.75,38464269.18,30278420.48,32405166.65,27551300.58,33681260.42,35422928.63,44685445.25,44847645.43,37511930.29,30749134.86,29229169.14,23631245.57,33365905.13,39211569.12,45131250.92,46713099.11,42550151.82,36478254.36,54958964.65,42554539.06,45863950.76,67308861.87,80357769.94,91728051.34,74648053.58,74117845.7,85586286.65,
Exports of goods and services (current US$),NE.EXP.GNFS.CD,Trinidad and Tobago,TTO,3138750000,3143750000,2789166667,2345833333,2439583333,2405714286,1650000000,1623611111,1740725324,1831529412,2288705882,2179764706,2144094118,1853525443,2104254924,2798715491,2815306989,2994401523,2929758824,3419672308,4828883457,4881665918,4528781987,5857269940,7220304810,10519556797,14954137161,14251738306,17882150921,9986963430,12113142624,18203703993,17719920368,18875609226,16372501599,12271772196,,
Exports of goods and services (current US$),NE.EXP.GNFS.CD,Tunisia,TUN,3518399605,3487039287,3002031488,2869475545,2721035015,2699940084,2721914358,3376855316,4242247610,4479827241,5353409091,5277717391,6126865672,5908638139,7024021352,8096647986,8248099445,8114748169,8398612453,8713791941,8491938426,9447973865,9438489133,10839425689,13165877158,14501002004,15823365890,19876619323,24966398831,19572021032,21804038005,22232703509,21867213010,21722533391,21398480297,17302355220,16643296089,
Exports of goods and services (current US$),NE.EXP.GNFS.CD,Turkey,TUR,3550856151,5851518176,7657810068,7693263017,9362386822,10663948826,10081244162,13582253229,16947657046,17360346518,20138041278,20765547619,22805811594,24636054545,27918206081,33713478166,39094658477,46664617512,56721035673,47537824737,53091138836,53222799445,58321175690,69359206476,92090930901,1.05387E+11,1.19616E+11,1.434E+11,1.74469E+11,1.45519E+11,1.5784E+11,1.85345E+11,2.06848E+11,2.11719E+11,2.21999E+11,2.00727E+11,1.89715E+11,
Exports of goods and services (current US$),NE.EXP.GNFS.CD,Turkmenistan,TKM,,,,,,,,,,,,1250614833,2148362352,2692664772,2175805363,2084399936,1774500000,1045899982,851000034.3,1375799985,2774000003,2877000022,3080999998,3724500010,4216000000,5270000000,7512000000,9548000000,12345000000,15079000000,17234443263,21836155930,25760632140,,,,,
Exports of goods and services (current US$),NE.EXP.GNFS.CD,Turks and Caicos Islands,TCA,,,,,,,,,,,,,,,,,,,,,,,,,,,,,,,,,,,,,,
Exports of goods and services (current US$),NE.EXP.GNFS.CD,Tuvalu,TUV,,,,,,,,,,,,,,,,,,,,,,,,,,,,,,,,,,,,,,
Exports of goods and services (current US$),NE.EXP.GNFS.CD,Uganda,UGA,242000000,215000000,182500000,194000000,458913258.9,483550235.3,502570433.6,517052814.1,492900000,419712440.4,311669506.5,247948150.5,250344420.7,227444247.5,348784843.4,678725729,722999697.9,837552441.5,634713533,734918410.3,659668069.2,672714062,692819583.9,721542170,1008178396,1278134671,1518772912,2055981499,3457255934,3137402248,3458309596,3837128785,4676562067,4993224351,4959609361,4990926918,4474230589,
Exports of goods and services (current US$),NE.EXP.GNFS.CD,Ukraine,UKR,,,,,,,,,,26529048348,22517259875,20230191965,17732031955,16988495839,18596682378,22695834207,20341623020,20356661718,17543987601,16959999991,19521221885,21080210718,23352983141,28952313087,39715736041,44344449431,50239009901,64000990099,84458345990,54364411131,63998815464,81280184748,62253785509,78744026023,64873261713,47880172307,45971242168,
Exports of goods and services (current US$),NE.EXP.GNFS.CD,United Arab Emirates,ARE,,,,,,,,,,,,,,,,,,,,,,50787202178,54362695711,69538461538,93968686181,1.22071E+11,1.52434E+11,1.8669E+11,2.48808E+11,2.01959E+11,2.25275E+11,3.14834E+11,3.75798E+11,3.92571E+11,3.9957E+11,3.59401E+11,3.62069E+11,
Exports of goods and services (current US$),NE.EXP.GNFS.CD,United Kingdom,GBR,1.47244E+11,1.37574E+11,1.2928E+11,1.23517E+11,1.24457E+11,1.33643E+11,1.46317E+11,1.77766E+11,1.9553E+11,2.03357E+11,2.47135E+11,2.50225E+11,2.62046E+11,2.55402E+11,2.88205E+11,3.35938E+11,3.62579E+11,3.92687E+11,3.88872E+11,3.93179E+11,4.09413E+11,4.01127E+11,4.20412E+11,4.79729E+11,5.62287E+11,6.22238E+11,7.19146E+11,7.64372E+11,7.74711E+11,6.22603E+11,6.88755E+11,7.99278E+11,7.91497E+11,8.12795E+11,8.53875E+11,7.90107E+11,7.49004E+11,
Exports of goods and services (current US$),NE.EXP.GNFS.CD,United States,USA,2.80773E+11,3.05239E+11,2.83209E+11,2.76996E+11,3.02383E+11,3.03209E+11,3.21E+11,3.63944E+11,4.44601E+11,5.04291E+11,5.51874E+11,5.94932E+11,6.33053E+11,6.548E+11,7.20939E+11,8.12813E+11,8.6759E+11,9.53806E+11,9.52981E+11,9.9198E+11,1.09684E+12,1.02671E+12,1.00251E+12,1.04028E+12,1.18151E+12,1.3089E+12,1.47632E+12,1.66463E+12,1.84194E+12,1.58774E+12,1.85234E+12,2.10637E+12,2.19818E+12,2.27661E+12,2.37365E+12,2.26492E+12,2.21457E+12,
Exports of goods and services (current US$),NE.EXP.GNFS.CD,Uruguay,URY,1527803803,1679801358,1314943010,1310718587,1289224290,1266123611,1541476815,1594966345,1811728051,1982636217,2188214420,2318972473,2633270850,2869312551,3454166799,3665940936,4035387985,4184601905,4168346709,3621012840,3811049836,3511970186,2805886753,3304408129,4394994712,5279006692,5932087138,6810249649,9171514628,8579858658,10612138803,12672707381,13287539945,13435347409,13474880883,11974918858,11192990714,
Exports of goods and services (current US$),NE.EXP.GNFS.CD,Uzbekistan,UZB,,,,,,,,,,,3852611304,4825488889,3498542274,4416943377,2163909655,4897362682,3862068965,3987000000,3372000000,3099000000,3383400000,3201000000,2985000000,3775000000,4837000000,5416000000,6326000000,8851000000,12158000000,11535669224,12452710696,14993897441,14165317612,15345926749,14556400000,13058500000,12665200000,
Exports of goods and services (current US$),NE.EXP.GNFS.CD,Vanuatu,VUT,37603233.18,37893106.82,41971562.66,59716193.02,78182001.41,60283687.94,41260413.16,46809711.51,52755061,54032160.77,74577139.93,80560530.09,89459573.87,86518452.72,99359993.13,104432214.5,112684503.1,133416760.2,110925951.3,100174317.3,106572568.4,97899354.84,111107678.8,136092224.2,166437069.5,179247165.6,181334552.9,214755338.6,274566730.7,299604275,326760627.3,351238191.5,383721495.1,383446598.1,395707502.8,,,
Exports of goods and services (current US$),NE.EXP.GNFS.CD,"Venezuela, RB",VEN,19286255814,20231441860,16968302326,15325488372,15038842857,13973026667,11651320988,9720924138,12017951724,14372731988,18552560768,16225010563,15403358187,15669320485,17447363636,20305023756,24925953990,25116968891,19106932067,22448178966,34842594118,27942991571,28270835559,28308417020,40706272934,57707308833,67003462040,71713558454,97382107619,59597633591,1.12179E+11,94764308628,99786475649,91879629484,80524231883,,,
Exports of goods and services (current US$),NE.EXP.GNFS.CD,Vietnam,VNM,,,,,,,1744152761,2200010145,1003045229,1500912820,2332325665,2971976969,3428344547,3785936655,5539525589,6804127646,10077135261,11570361483,12203044875,14332147613,16808688578,17997102321,19193787587,22415697884,27134530701,36712091438,44944777029,54591007521,69724976614,66374595429,83473591219,1.07606E+11,1.24701E+11,1.43186E+11,1.6089E+11,1.7349E+11,1.92188E+11,
Exports of goods and services (current US$),NE.EXP.GNFS.CD,Virgin Islands (U.S.),VIR,,,,,,,,,,,,,,,,,,,,,,,4809000000,6520000000,8604000000,11632000000,12730000000,14141000000,18412000000,10717000000,12945000000,14371000000,3278000000,2525000000,2784000000,1532000000,,
Exports of goods and services (current US$),NE.EXP.GNFS.CD,West Bank and Gaza,PSE,,,,,,,,,,,,,,,413500000,562100000,546000000,650300000,734400000,751600000,885000000,615900000,477800000,515100000,596800000,723300000,736300000,1066300000,1165000000,1133300000,1367300000,1799400000,1871100000,2071800000,2172300000,2338100000,2432400000,
Exports of goods and services (current US$),NE.EXP.GNFS.CD,"Yemen, Rep.",YEM,,,,,,,,,,,689302984.7,653737373.7,674647887.3,675159366.6,521250774,952888487.1,2227841485,2481490649,1678936760,2662110280,3990303812,3537298188,3956638436,4291701722,5047525802,6851758891,7872842235,7775431196,10182246315,7118189881,9270503495,9929334000,8800052176,9036540698,9287119888,3864358984,897781961.4,
Exports of goods and services (current US$),NE.EXP.GNFS.CD,Zambia,ZMB,,,,,,,,,,,,,,,1204879892,1252564171,1024449292,1177862381,870898448,852345058.6,861422399.4,1028111856,1137944596,1258986753,2086548348,2550444808,4157837751,4721899913,5179705636,4483693050,7503512539,9494352665,10222369009,11353601809,10540534391,7856414457,7402197312,
Exports of goods and services (current US$),NE.EXP.GNFS.CD,Zimbabwe,ZWE,1560677300,1556227500,1445393900,1276639700,1306069400,1251797100,1495277800,1618950700,1855256800,1934216900,2008581800,2063885600,1838241100,2016378300,2384171900,2719089900,3090258100,3206715700,2778011500,2565485300,2552871400,2369300000,2019000000,1855571300,2001178100,1930796900,1957416600,1999583100,1831052800,1882654717,3569254416,4907581285,4306653099,4197687389,4080440740,3824968960,4098132104,
